,business_uuid,latest_trans_date,date_won,second_latest_trans_date,days_since_purchase,churn,age,transactions,total_approved,revenue,Average_purchase,customer_value,customer_lifetime_val,city,sub_group
0,1406276528708-f8212391-f625-47cd-a108-dbf13c4a82b9,2015-11-11,2015-01-01,2015-06-09,155 days,No,314,3,1515.68,15.16,5.05,157.64,14343.74,Cape Town,"Food, Drink & Hospitality"
1,1407937721690-22878388-e481-46cb-8384-5dea165864f7,2015-12-18,2015-01-14,2015-12-16,2 days,No,338,40,8985.0,89.85,2.25,70.23,6113.02,Cape Town,"Food, Drink & Hospitality"
2,1408597458035-ae9b4dc2-37a2-43b3-8410-834feb1930ab,2015-12-26,2015-01-01,2015-12-24,2 days,No,359,198,20595.0,205.95,1.04,32.46,2556.51,Cape Town,"Food, Drink & Hospitality"
3,1408653254676-abd0c2bb-f33c-42f0-a4c0-aa09011e13e0,2015-10-01,2015-01-01,2015-08-24,38 days,No,273,18,7360.0,73.6,4.09,127.67,11521.7,Cape Town,"Food, Drink & Hospitality"
4,1409234980651-de3fff31-3d87-47e4-bb1a-12beafcdba61,2015-12-22,2015-01-01,2015-12-22,0 days,No,355,42,11223.0,112.23,2.67,83.34,7347.48,Cape Town,"Food, Drink & Hospitality"
5,1409908058188-55c15510-480c-4a6c-a470-b4a1e5006cc0,2015-12-23,2015-01-01,2015-10-22,62 days,No,356,10,9299.99,93.0,9.3,290.3,26835.31,Cape Town,"Food, Drink & Hospitality"
6,1411120534868-d0e07e18-26b7-4e26-a0f3-45736855c3cd,2015-11-11,2015-04-01,2015-06-26,138 days,No,224,2,3348.0,33.48,16.74,522.54,48703.55,Claremont,"Healthcare, beauty and fitness"
7,1412941920235-309e274b-c95b-49f1-8a78-307238281817,2015-12-17,2015-01-01,2015-12-17,0 days,No,350,132,2886.25,28.86,0.22,6.87,146.89,Cape Town,"Food, Drink & Hospitality"
8,1413213171217-be88b1f4-ae0d-46c9-9210-ab72e2d5c666,2015-12-17,2015-01-01,2015-12-17,0 days,No,350,443,209411.29,2094.11,4.73,147.65,13403.06,Cape Town,"Food, Drink & Hospitality"
9,1413229685934-2736f63b-6a6c-40a2-9d7a-2f479cc3a890,2015-07-13,2015-02-24,2015-06-01,42 days,No,139,6,115.46,1.15,0.19,5.93,58.38,Cape Town,Professional services
10,1413882567453-266138e0-9de6-473b-a608-9ba540cf4223,2015-10-21,2015-01-01,2015-01-01,293 days,Yes,293,1,950.0,9.5,9.5,296.54,27422.88,Cape Town,"Food, Drink & Hospitality"
11,1414210100745-0283bd58-420c-4436-94bb-06090cbe1066,2015-12-30,2015-01-01,2015-12-29,1 days,No,363,94,6440.6,64.41,0.69,21.54,1528.26,Cape Town,"Food, Drink & Hospitality"
12,1414229837135-05cd5b05-3234-46df-9eb3-37f985b5f7a2,2015-12-22,2015-03-30,2015-10-07,76 days,No,267,16,10880.0,108.8,6.8,212.26,19486.88,Cape Town,Personal services
13,1414396819667-343bc1de-1856-4dbd-ba05-6ce80195ca97,2015-11-07,2015-01-01,2015-11-07,0 days,No,310,10,16517.0,165.17,16.52,515.67,48056.66,Cape Town,"Food, Drink & Hospitality"
14,1414586891563-94a97020-f4a3-4f86-91ac-6487833f2222,2015-12-19,2015-01-01,2015-12-18,1 days,No,352,129,74220.0,742.2,5.75,179.49,16401.19,Cape Town,"Food, Drink & Hospitality"
15,1414682044257-0008fd31-8844-4af8-ae90-dc2053826c7d,2015-09-01,2015-01-01,2015-03-10,175 days,No,243,42,3220.0,32.2,0.77,24.04,1763.66,Cape Town,"Food, Drink & Hospitality"
16,1416917294576-cd44ec82-4a59-4893-b376-1f367134fc4c,2015-12-11,2015-01-01,2015-12-07,4 days,No,344,13,2918.0,29.18,2.24,69.92,6083.83,Cape Town,"Food, Drink & Hospitality"
17,1416991968075-1e231c80-b8de-47c6-9612-9feb7504a3b9,2015-12-30,2015-01-12,2015-10-22,69 days,No,352,16,79.5,0.8,0.05,1.56,-353.11,Cape Town,Professional services
18,1417541600310-062cad22-d0cd-4a7c-a22d-d8ed78959f18,2015-12-20,2015-02-01,2015-12-20,0 days,No,322,84,8829.0,88.29,1.05,32.78,2586.64,Cape Town,Leisure and entertainment
19,1417715138928-f2a6bb24-1cba-40a3-8352-4c20bbedc1f5,2015-12-22,2015-01-01,2015-12-22,0 days,No,355,191,42519.479999999996,425.19,2.23,69.61,6054.64,Cape Town,"Food, Drink & Hospitality"
20,1418642457118-233d2f55-8bd1-457e-99e4-48666b726a43,2015-08-14,2015-01-01,2015-07-18,27 days,No,225,40,13834.0,138.34,3.46,108.0,9669.53,Cape Town,"Food, Drink & Hospitality"
21,1419247136977-8b58a827-d849-4562-b610-3738e1ec535c,2015-12-28,2015-11-30,2015-12-24,4 days,No,28,21,15403.33,154.03,7.33,228.81,21045.27,Johannesburg,Online
22,1420605018162-45e4ba4f-802b-45de-a679-bd6348373537,2015-12-21,2015-01-16,2015-12-21,0 days,No,339,9,3840.0,38.4,4.27,133.29,12050.89,Cape Town,Online
23,1420722276499-fd9bf0df-dedf-40e5-8666-82d19b5f51c5,2015-02-07,2015-01-15,2015-02-07,0 days,No,23,4,3667.0,36.67,9.17,286.24,26453.01,Cape Town,"Food, Drink & Hospitality"
24,1421221986332-f5f14c2c-6a57-443c-8197-113c68f1ef4b,2015-12-07,2015-01-23,2015-11-17,20 days,No,318,4,5770.0,57.7,14.42,450.12,41884.32,Cape Town,Professional services
25,1421324996122-3b8c66c5-ed7c-4cd3-be70-00a21c525d46,2015-02-07,2015-01-23,2015-02-06,1 days,No,15,5,467.0,4.67,0.93,29.03,2233.53,Cape Town,"Food, Drink & Hospitality"
26,1421419812371-8c8c42be-c0bb-4f35-80cf-73dcf91399e6,2015-08-26,2015-01-26,2015-08-25,1 days,No,212,33,3995.0,39.95,1.21,37.77,3056.51,Cape Town,"Food, Drink & Hospitality"
28,1422263726412-11064d9c-9616-4ded-bd63-7cd0e01863bf,2015-07-25,2015-02-27,2015-02-27,148 days,No,148,1,1138.68,11.39,11.39,355.54,32978.45,Cape Town,Retail
29,1422450997324-29c2b813-a986-4514-b387-58302f230567,2015-02-27,2015-02-24,2015-02-24,3 days,No,3,1,3200.0,32.0,32.0,998.88,93556.81,Cape Town,Retail
30,1422897141317-dbc1a39b-e321-453e-ba0b-05e32de042d8,2015-02-17,2015-02-10,2015-02-16,1 days,No,7,2,400.0,4.0,2.0,62.43,5378.55,Cape Town,Home and repair
32,1423477084869-bfa5887d-1d54-454c-b039-aab7891616ec,2015-12-22,2015-02-12,2015-11-17,35 days,No,313,45,10328.0,103.28,2.3,71.79,6259.91,Milnerton,Personal services
33,1423655183975-7e4fb3e1-4a6b-411b-bd1f-c8464d85dbd6,2015-05-22,2015-02-13,2015-04-18,34 days,No,98,3,463.0,4.63,1.54,48.07,4026.38,Cape Town,Professional services
34,1423655897813-8273bf5c-230e-4a17-9a71-5ec69fe178d7,2015-11-13,2015-02-12,2015-10-29,15 days,No,274,5,7767.0,77.67,15.53,484.77,45147.04,Cape Town,Professional services
35,1423729367094-337ac28c-dae5-4960-afab-19133561c17e,2015-12-24,2015-02-18,2015-12-21,3 days,No,309,129,86462.18000000001,864.62,6.7,209.14,19193.1,Cape Town,Retail
36,1423754950087-f0f2ca60-b59f-4c1b-8788-386d77bb3bc4,2015-04-11,2015-04-01,2015-04-01,10 days,No,10,1,60.0,0.6,0.6,18.73,1263.66,Cape Town,"Food, Drink & Hospitality"
37,1424095125474-c11c84fc-2d00-4178-ae96-5021638b95f4,2015-05-12,2015-02-20,2015-05-12,0 days,No,81,10,158.0,1.58,0.16,4.99,-30.13,Cape Town,"Food, Drink & Hospitality"
38,1424098685273-2a91b97c-d62c-41a3-a6b7-76e34febc3b2,2015-04-28,2015-02-23,2015-04-13,15 days,No,64,4,315.0,3.15,0.79,24.66,1822.04,Cape Town,"Healthcare, beauty and fitness"
39,1424421101100-e8bf1849-b9f5-4cb4-b08e-092caf0c88ed,2015-02-28,2015-02-26,2015-02-26,2 days,No,2,1,150.0,1.5,1.5,46.82,3908.68,Cape Town,Online
40,1424860575679-e0eba238-ac4a-4526-8b68-8c4341c2d58b,2015-03-19,2015-03-02,2015-03-02,17 days,No,17,1,1350.0,13.5,13.5,421.4,39179.98,Cape Town,"Healthcare, beauty and fitness"
41,1424869704616-f6183d7b-1482-46ca-87e5-461aeec25da4,2015-12-30,2015-04-02,2015-12-30,0 days,No,272,497,125549.77,1255.5,2.53,78.97,6935.99,Cape Town,"Food, Drink & Hospitality"
42,1424960060401-995ba2c2-612a-4b70-9b6d-db3b29f75122,2015-12-22,2015-04-29,2015-10-01,82 days,No,237,7,2265.8,22.66,3.24,101.14,9023.57,Cape Town,"Healthcare, beauty and fitness"
43,1425564293295-a56ff3bc-f4bb-443a-95c1-8b2abd86b3d1,2015-12-18,2015-03-09,2015-12-11,7 days,No,284,3,4160.0,41.6,13.87,432.95,40267.56,Cape Town,"Food, Drink & Hospitality"
44,1425650677867-af9f5c07-3320-46e2-8d0a-74070c847c0f,2015-05-08,2015-05-08,2015-05-08,0 days,No,0,2,221.0,2.21,1.1,34.34,2733.53,Cape Town,"Food, Drink & Hospitality"
45,1425889567843-bbaa0c06-f333-436e-87ea-a6845b31bb06,2015-12-18,2015-03-26,2015-12-18,0 days,No,267,210,24152.0,241.52,1.15,35.9,2880.43,Cape Town,"Food, Drink & Hospitality"
46,1426195902626-8616ada4-0f1f-42e5-9b7b-5ae513e0997d,2015-11-17,2015-04-02,2015-10-28,20 days,No,229,5,6101.0,61.01,12.2,380.82,35358.88,Cape Town,"Food, Drink & Hospitality"
47,1426243076640-cf34f1f7-ea20-4469-afa1-b63894f4f362,2015-12-23,2015-04-26,2015-12-10,13 days,No,241,19,1322.5,13.22,0.7,21.85,1557.45,Cape Town,"Food, Drink & Hospitality"
48,1426585340178-175a0cc7-74f2-4725-a868-35f463546f9a,2015-12-02,2015-05-13,2015-05-13,203 days,Yes,203,1,12040.0,120.4,120.4,3758.29,353389.12,Cape Town,"Healthcare, beauty and fitness"
49,1426963769379-d1812b58-333e-4438-babe-d601b045abac,2015-12-03,2015-03-31,2015-11-30,3 days,No,247,22,13297.5,132.98,6.04,188.54,17253.35,Cape Town,"Healthcare, beauty and fitness"
50,1427219989860-379ffecc-b93e-4fb5-88bf-05a5c87e6c17,2015-12-30,2015-03-31,2015-12-29,1 days,No,274,195,41257.7,412.58,2.12,66.18,5731.66,Cape Town,"Food, Drink & Hospitality"
51,1427220012907-b13d0beb-390f-4e1a-81cf-9b2f0717dae8,2015-12-30,2015-01-01,2015-12-29,1 days,No,363,87,29565.17,295.65,3.4,106.13,9493.44,Cape Town,"Food, Drink & Hospitality"
52,1427272525432-fd63bf67-0ce4-4313-ba96-9202c2fbb072,2015-09-13,2015-04-02,2015-09-09,4 days,No,164,42,7057.37,70.57,1.68,52.44,4437.87,Randburg,Transportation
53,1427783177177-f02138cc-4154-497d-a9bd-158aef82dc39,2015-12-23,2015-04-01,2015-12-10,13 days,No,266,75,2544.0,25.44,0.34,10.61,499.06,Cape Town,"Food, Drink & Hospitality"
54,1427786157042-63ce318f-620e-4de1-afea-25d9dbf343af,2015-12-17,2015-04-05,2015-04-29,232 days,Yes,256,2,235.0,2.35,1.18,36.83,2968.0,Cape Town,"Healthcare, beauty and fitness"
55,1428344708087-ad8630d4-3314-49a8-88ac-5f929fa99424,2015-12-09,2015-04-09,2015-12-05,4 days,No,244,20,6157.0,61.57,3.08,96.14,8552.76,Johannesburg,"Food, Drink & Hospitality"
56,1428397053492-a987526e-03db-4b4e-904e-b362242539b8,2015-12-22,2015-05-01,2015-12-14,8 days,No,235,48,2467.55,24.68,0.51,15.92,999.06,Paarl,"Food, Drink & Hospitality"
57,1428417731410-536dabfa-ffd7-4f94-99d4-7c634629aeb4,2015-12-29,2015-04-09,2015-12-24,5 days,No,264,175,43221.65,432.22,2.47,77.1,6759.91,Cape Town,Retail
58,1428423767266-85e53df0-fe49-4d1c-ae91-751f0b6c8189,2015-12-29,2015-04-15,2015-11-16,43 days,No,258,6,1202.0,12.02,2.0,62.43,5378.55,Cape Town,Retail
59,1428425695825-8ac79751-fcdf-4087-b620-60d0ab93e4f3,2015-12-30,2015-04-13,2015-12-30,0 days,No,261,208,30306.0,303.06,1.46,45.57,3790.97,Vredendal,"Food, Drink & Hospitality"
60,1428565181723-b27e4bc9-4a3d-4a53-b6a8-c368c00a32b0,2015-04-29,2015-04-12,2015-04-29,0 days,No,17,3,180.0,1.8,0.6,18.73,1263.66,Cape Town,"Food, Drink & Hospitality"
61,1428592332253-dd98050f-24b3-4c98-80dd-8a15f102f31d,2015-11-19,2015-04-09,2015-11-16,3 days,No,224,6,5530.0,55.3,9.22,287.8,26599.9,Cape Town,Professional services
62,1428654582282-97d37e90-32e8-4d9f-9cca-ce67de51c8e9,2015-12-23,2015-04-14,2015-12-23,0 days,No,253,252,60348.9,603.49,2.39,74.6,6524.51,Cape Town,"Food, Drink & Hospitality"
63,1428667378150-f5bdfa0e-8aaf-46db-8d54-1d581749d235,2015-08-05,2015-04-12,2015-04-12,115 days,No,115,2,564.0,5.64,2.82,88.03,7789.1,Cape Town,Retail
64,1428940315336-6eb9b71d-ce4f-4400-80fd-39498943fd32,2015-08-08,2015-05-12,2015-08-01,7 days,No,88,23,3409.31,34.09,1.48,46.2,3850.3,Cape Town,Retail
65,1429013064651-8f06debe-184e-43f5-8d7d-d872eb72ac0c,2015-04-24,2015-04-24,2015-04-24,0 days,No,0,1,20.0,0.2,0.2,6.24,87.57,Johannesburg,Online
66,1429030235172-cd21ab3c-c47c-4f9a-b1fa-683c8ec58d55,2015-11-21,2015-04-23,2015-11-21,0 days,No,212,52,24362.0,243.62,4.69,146.4,13285.36,Johannesburg,"Food, Drink & Hospitality"
67,1429166837558-a6039b64-d1fc-4171-8149-01dfcb3b4ecf,2015-12-24,2015-04-17,2015-12-23,1 days,No,251,294,51702.0,517.02,1.76,54.94,4673.28,Cape Town,"Food, Drink & Hospitality"
68,1429184568757-51a31acb-48a2-4bb0-9fbb-c4d25269baed,2015-04-24,2015-04-20,2015-04-21,3 days,No,4,3,230.0,2.3,0.77,24.04,1763.66,Durbanville,"Food, Drink & Hospitality"
69,1429185029932-e8f0323a-adb6-4e4f-b86e-f29fb25e27a2,2015-10-10,2015-05-01,2015-10-09,1 days,No,162,6,2565.0,25.65,4.27,133.29,12050.89,Stellenbosch,Retail
70,1429188663924-25474853-52e5-40c2-aab3-9fd98d415f9a,2015-12-23,2015-04-30,2015-12-22,1 days,No,237,517,40096.0,400.96,0.78,24.35,1792.85,Cape Town,"Food, Drink & Hospitality"
71,1429261274089-14e97b77-28be-46a5-bf33-cc2525c1dd5b,2015-12-15,2015-05-08,2015-12-10,5 days,No,221,41,2806.0,28.06,0.68,21.23,1499.07,Cape Town,"Food, Drink & Hospitality"
72,1429541588522-cdad5bcd-fc17-42b3-9a4b-74a2f17f2b80,2015-12-27,2015-04-23,2015-12-23,4 days,No,248,133,45488.3,454.88,3.42,106.76,9552.76,Cape Town,"Food, Drink & Hospitality"
73,1429608813130-60b7088e-00f9-4474-b6d7-0df2db79358f,2015-07-30,2015-06-19,2015-06-19,41 days,No,41,1,595.0,5.95,5.95,185.73,16988.76,Durbanville,Retail
74,1429614893466-d13b3d3c-1bbb-4b1a-9ed4-bc5f3a8dcc85,2015-12-18,2015-05-01,2015-07-22,149 days,No,231,5,9135.0,91.35,18.27,570.3,53200.74,Cape Town,Online
75,1429618748156-d0bc88d6-9dab-4606-83ea-ae4d4cee0a80,2015-09-14,2015-05-06,2015-06-12,94 days,No,131,3,4440.0,44.4,14.8,461.98,43001.09,Cape Town,Professional services
76,1429796836863-fe9199fa-52e9-4fe6-98b3-45af34e30a77,2015-12-22,2015-05-05,2015-12-14,8 days,No,231,41,8249.0,82.49,2.01,62.74,5407.74,Cape Town,"Food, Drink & Hospitality"
77,1429863923708-7d714c30-81e1-4188-807f-78adba319d6b,2015-12-25,2015-06-10,2015-12-17,8 days,No,198,58,10752.0,107.52,1.85,57.75,4937.87,Cape Town,Home and repair
79,1430387520759-99390142-9a4e-4fc1-a2c6-741e095c4e4e,2015-12-30,2015-05-01,2015-12-29,1 days,No,243,215,26818.0,268.18,1.25,39.02,3174.21,Cape Town,"Food, Drink & Hospitality"
80,1430395991314-744d30ea-77ea-4302-8661-938a5ecfb864,2015-12-30,2015-05-05,2015-12-30,0 days,No,239,448,105461.5,1054.62,2.35,73.36,6407.74,Cape Town,"Food, Drink & Hospitality"
81,1430750485620-1094dd8d-4ae3-4e32-866a-12cce857eb97,2015-06-13,2015-05-08,2015-05-08,36 days,No,36,1,800.0,8.0,8.0,249.72,23014.2,Johannesburg,Professional services
82,1430755038080-8ff29c3e-c424-4bdf-9fd9-78b75262bb3a,2015-11-14,2015-05-18,2015-10-15,30 days,No,180,10,3020.0,30.2,3.02,94.27,8376.68,Johannesburg,"Healthcare, beauty and fitness"
83,1430756098843-ff81ff72-f4fc-44c7-81fb-6cc042b42853,2015-10-16,2015-05-08,2015-07-02,106 days,No,161,3,43839.28,438.39,146.13,4561.45,429016.49,Pretoria,Home and repair
84,1430809857518-66e0ea18-3fce-430d-9ce0-f176019e2a75,2015-12-29,2015-05-13,2015-12-18,11 days,No,230,28,21811.739999999998,218.12,7.79,243.16,22396.5,Springbok,Retail
85,1430896961956-6d3d2ff3-438b-4ac5-a639-541a565c9bef,2015-12-19,2015-05-11,2015-12-18,1 days,No,222,20,2041.0,20.41,1.02,31.84,2498.13,Somerset West,"Food, Drink & Hospitality"
86,1431093231410-e6699cca-8311-4c4c-b4e7-c12bea86a8c0,2015-05-30,2015-05-29,2015-05-29,1 days,No,1,1,5.0,0.05,0.05,1.56,-353.11,Cape Town,Retail
87,1431331627311-e7c862a1-4c5d-426a-b845-b2626842f291,2015-12-21,2015-05-11,2015-12-18,3 days,No,224,145,11111.0,111.11,0.77,24.04,1763.66,Cape Town,"Food, Drink & Hospitality"
88,1431427935079-d70f51bb-9071-4386-be3f-1cf0cdfc460b,2015-05-23,2015-05-14,2015-05-23,0 days,No,9,18,2039.0,20.39,1.13,35.27,2821.1,Cape Town,"Food, Drink & Hospitality"
89,1431433133107-089d14c3-5435-4b33-9973-70e2c0ff95bc,2015-12-30,2015-05-21,2015-12-30,0 days,No,223,907,410211.0,4102.11,4.52,141.09,12785.35,Hermanus,"Food, Drink & Hospitality"
90,1431438564904-26265e66-8bd5-467a-b40a-91069db8a40d,2015-12-25,2015-08-11,2015-11-30,25 days,No,136,5,6360.0,63.6,12.72,397.05,36887.13,Somerset West,Travel and tourism
91,1431580812739-5f4347be-a13a-4a11-b221-0a0547d44dc4,2015-12-07,2015-05-19,2015-09-26,72 days,No,202,4,2170.0,21.7,5.42,169.19,15431.31,Cape Town,Home and repair
92,1431608004733-c6a1e6f1-855b-4469-9201-af72193af1d9,2015-11-18,2015-06-02,2015-06-02,169 days,No,169,1,156.0,1.56,1.56,48.7,4085.7,Cape Town,"Healthcare, beauty and fitness"
93,1431687407677-b20d0334-3f89-40d7-b75e-f9fda4d81384,2015-12-11,2015-05-21,2015-11-30,11 days,No,204,49,7787.3,77.87,1.59,49.63,4173.27,Cape Town,"Food, Drink & Hospitality"
94,1431941914046-80b8ffa3-4bca-4bab-9458-7547b79255d6,2015-11-23,2015-05-21,2015-05-21,186 days,Yes,186,1,1695.0,16.95,16.95,529.09,49320.32,Woodstock,Retail
95,1432022024429-0455c641-f0d5-481b-83c9-b05da6450ec5,2015-12-30,2015-11-25,2015-12-30,0 days,No,35,41,4725.5,47.26,1.15,35.9,2880.43,Bloemfontein,"Food, Drink & Hospitality"
96,1432046276961-fd49c372-8019-4401-8663-fc8beaeda592,2015-12-09,2015-05-21,2015-12-02,7 days,No,202,27,2383.0,23.83,0.88,27.47,2086.64,Johannesburg,"Food, Drink & Hospitality"
97,1432047874705-81fee962-e31d-466a-8636-3bbed55d685d,2015-12-29,2015-05-21,2015-12-28,1 days,No,222,32,6157.01,61.57,1.92,59.93,5143.14,Riebeek Kasteel ,"Food, Drink & Hospitality"
98,1432110994313-37d0aba9-6ab6-4aab-baf7-bc835536d896,2015-10-30,2015-05-20,2015-10-24,6 days,No,163,12,7795.0,77.95,6.5,202.9,18605.52,Pretoria,Retail
99,1432117712686-383179d5-bbbe-4502-a84c-f2f3abf2a88d,2015-12-06,2015-12-31,2015-12-06,0 days,No,-25,47,6980.0,69.8,1.49,46.51,3879.49,Cape Town,Home and repair
101,1432125276864-c98aa0b8-f7d1-488c-a28a-6e80e090d95c,2015-12-29,2015-05-29,2015-12-28,1 days,No,214,207,20918.05,209.18,1.01,31.53,2468.94,Cape Town,"Food, Drink & Hospitality"
102,1432149242087-11140731-108a-4f50-a024-fede863e5d28,2015-08-27,2015-05-29,2015-05-29,90 days,No,90,1,700.0,7.0,7.0,218.51,20075.4,Cape Town,Transportation
103,1432268866037-3911326c-e3f1-4c14-a2b0-27a299b204f1,2015-12-16,2015-06-10,2015-12-07,9 days,No,189,15,4315.0,43.15,2.88,89.9,7965.19,Grabouw,Retail
104,1432550741147-8475e83c-5804-447d-a2c3-5b9974ac4897,2015-09-17,2015-05-28,2015-09-06,11 days,No,112,12,6621.0,66.21,5.52,172.31,15725.1,Cape Town,"Food, Drink & Hospitality"
105,1432564287767-b195c3d0-c815-4ff2-8239-5504e0d1ae3a,2015-12-30,2015-05-28,2015-08-20,132 days,No,216,3,7548.0,75.48,25.16,785.37,73452.22,Cape Town,Online
106,1432627619360-4a66ea0f-9880-4864-8425-73dd71cca7ef,2015-08-29,2015-05-26,2015-08-29,0 days,No,95,4,1735.0,17.35,4.34,135.47,12256.16,Johannesburg,Retail
107,1432633437718-f75d48c2-b75a-4619-be78-9817014fd3cd,2015-12-24,2015-05-28,2015-12-23,1 days,No,210,11,4530.0,45.3,4.12,128.61,11610.21,Cape Town,Retail
108,1432636770766-1f30c4b3-35a7-4d54-b953-5d46f1644344,2015-12-30,2015-05-28,2015-12-20,10 days,No,216,35,49720.06,497.2,14.21,443.57,41267.56,Hermanus,Travel and tourism
109,1432641283681-dd0b6379-e775-40ee-96a0-09b5d0b90e81,2015-06-20,2015-06-20,2015-06-20,0 days,No,0,14,1283.0,12.83,0.92,28.72,2204.34,Cape Town,"Food, Drink & Hospitality"
110,1432731581273-3fbbee44-8dfd-4d39-b742-160bfc170c1e,2015-11-08,2015-01-01,2015-10-18,21 days,No,311,10,1314.0,13.14,1.31,40.89,3350.3,Cape Town,"Food, Drink & Hospitality"
111,1432733562129-93b2ad94-45a7-4f81-8eae-e6de64d83bde,2015-10-31,2015-05-29,2015-10-31,0 days,No,155,16,9020.0,90.2,5.64,176.05,16077.27,Johannesburg,Retail
112,1432797607708-aee8136d-ca30-49e5-859e-3ad9c2b72669,2015-05-29,2015-05-28,2015-05-29,0 days,No,1,2,138.0,1.38,0.69,21.54,1528.26,Cape Town,"Food, Drink & Hospitality"
113,1433169329224-c4c7b1b9-5b7d-4620-92a0-a8f9118508a7,2015-12-22,2015-06-06,2015-12-01,21 days,No,199,4,6550.0,65.5,16.38,511.3,47645.17,Cape Town,"Healthcare, beauty and fitness"
114,1433261949212-0f063505-cbe5-4a18-b3ba-59ee0df6652c,2015-12-30,2015-06-09,2015-12-30,0 days,No,204,119,52360.7,523.61,4.4,137.35,12433.19,Hermanus,"Food, Drink & Hospitality"
115,1433270867903-25bea10c-8548-44c4-9273-6ff1343ee4b4,2015-12-01,2015-06-08,2015-11-28,3 days,No,176,14,8080.75,80.81,5.77,180.11,16459.57,Cape Town,"Healthcare, beauty and fitness"
116,1433319623496-f6231f02-a6f4-4360-a556-eb1ca83b9f8c,2015-12-28,2015-06-10,2015-12-28,0 days,No,201,267,31942.5,319.42,1.2,37.46,3027.32,Cape Town,"Food, Drink & Hospitality"
117,1433428906337-4efdc371-fa58-4a30-80ce-4e9bde2f9da8,2015-12-18,2015-07-10,2015-10-24,55 days,No,161,4,2500.0,25.0,6.25,195.09,17870.12,Paarl,Travel and tourism
118,1433609072307-649651f3-3239-4e52-b3e1-f94c3f6b1a3c,2015-09-11,2015-06-13,2015-09-07,4 days,No,90,31,1261.8,12.62,0.41,12.8,705.28,Cape Town,Professional services
119,1433681122353-1ccfe4b0-0f96-4fff-84c3-773dbd16ee14,2015-10-11,2015-06-14,2015-10-11,0 days,No,119,12,4030.0,40.3,3.36,104.88,9375.74,Cape Town,"Food, Drink & Hospitality"
120,1433707463290-8f41e013-1aab-4c85-87ee-a7679b62424e,2015-06-25,2015-06-09,2015-06-09,16 days,No,16,1,360.0,3.6,3.6,112.37,10081.01,Durban,Professional services
121,1433770819193-636532b9-35d6-43b7-8347-af48002dca4f,2015-07-15,2015-07-01,2015-07-01,14 days,No,14,1,286.0,2.86,2.86,89.27,7905.87,Cape Town,Retail
122,1433834146616-ecc2ef27-08a9-4617-a654-fd5f565b7c6b,2015-11-17,2015-06-23,2015-08-29,80 days,No,147,4,81502.0,815.02,203.76,6360.37,598406.89,Cape Town,Professional services
123,1433841037428-be3ad60e-256e-47a0-ad61-36ece3950578,2015-10-15,2015-06-12,2015-06-12,125 days,No,125,1,50.0,0.5,0.5,15.61,969.87,Cape Town,"Food, Drink & Hospitality"
124,1433857594053-512f9c3d-fa40-4c1f-a558-ba0e33a6da1f,2015-06-14,2015-06-14,2015-06-14,0 days,No,0,1,600.0,6.0,6.0,187.29,17135.65,Cape Town,Personal services
125,1433859360513-006dee2f-fa51-4f3e-a007-89a8d9a10e28,2015-12-29,2015-06-11,2015-12-28,1 days,No,201,27,17050.0,170.5,6.31,196.97,18047.14,Cape Town,"Food, Drink & Hospitality"
126,1433928735588-d6660e0e-21a8-4975-ba15-52aa262c75a9,2015-12-30,2015-06-11,2015-12-30,0 days,No,202,244,21534.0,215.34,0.88,27.47,2086.64,Cape Town,"Food, Drink & Hospitality"
127,1433942547963-1894f653-b8f2-492c-bce4-4f196a5d5094,2015-12-29,2015-06-17,2015-12-22,7 days,No,195,39,38700.0,387.0,9.92,309.65,28657.35,Cape Town,Home and repair
128,1433949929785-da821c51-9e6d-4f7e-b6a7-731d95acdc57,2015-08-28,2015-06-17,2015-08-25,3 days,No,72,5,14888.259999999998,148.88,29.78,929.58,87031.36,Cape Town,Professional services
129,1433953924743-7e2c56e5-b3a3-4caa-9bc2-5c52ebac620f,2015-09-30,2015-06-11,2015-06-20,102 days,No,111,2,1294.0,12.94,6.47,201.96,18517.01,Cape Town,Professional services
130,1434017588684-d10062ea-411e-4433-bde0-ee688435e4bc,2015-06-13,2015-06-11,2015-06-13,0 days,No,2,2,144.0,1.44,0.72,22.47,1615.83,Cape Town,"Food, Drink & Hospitality"
131,1434036820729-098fff2c-9f1b-4062-b9d7-5b13dbbf8509,2015-06-29,2015-06-12,2015-06-12,17 days,No,17,5,127.49000000000001,1.27,0.25,7.8,234.47,Cape Town,"Healthcare, beauty and fitness"
132,1434089879045-f2768b28-6c69-48b8-b39b-9f85e0548f90,2015-12-23,2015-06-12,2015-12-23,0 days,No,194,192,53756.0,537.56,2.8,87.4,7729.78,Cape Town,"Food, Drink & Hospitality"
133,1434097344634-121061d0-ba9c-443c-8443-be578018f30b,2015-06-20,2015-06-15,2015-06-19,1 days,No,5,2,500.99,5.01,2.5,78.04,6848.42,Rustenburg,Online
134,1434102082108-d8883d8b-fbeb-4a52-8257-d38a67ec1998,2015-12-18,2015-06-17,2015-12-14,4 days,No,184,66,18566.5,185.66,2.81,87.71,7758.97,Springbok,"Food, Drink & Hospitality"
135,1434111992757-f2269198-1fa3-442c-be1a-e5212e56e283,2015-06-20,2015-12-07,2015-06-20,0 days,No,-170,4,840.0,8.4,2.1,65.55,5672.34,Cape Town,Leisure and entertainment
136,1434354856779-1294da8e-95cd-4594-a337-eb1b461bcf9c,2015-12-30,2015-06-17,2015-12-30,0 days,No,196,455,52023.5,520.24,1.14,35.59,2851.24,Cape Town,"Food, Drink & Hospitality"
137,1434358209586-7ed3cdf9-cde7-43a0-b75e-73965b6ad152,2015-12-30,2015-06-30,2015-12-29,1 days,No,183,100,13107.1,131.07,1.31,40.89,3350.3,Cape Town,Travel and tourism
138,1434375976462-4df11129-d658-4b0d-a8d6-aa91660ff037,2015-12-05,2015-06-22,2015-12-05,0 days,No,166,2,4920.0,49.2,24.6,767.89,71806.27,Cape Town,Retail
139,1434443023962-fa1e7051-c97d-44b4-a2f9-fc6afd2b4265,2015-11-28,2015-06-20,2015-06-20,161 days,No,161,1,200.0,2.0,2.0,62.43,5378.55,Cape Town,Home and repair
140,1434445056707-89357d1e-8f04-44fc-8803-45353fc29abe,2015-12-29,2015-06-18,2015-12-29,0 days,No,194,293,49610.0,496.1,1.69,52.75,4467.06,Cape Town,"Food, Drink & Hospitality"
141,1434454210510-606e3e64-fd7f-4c66-94f1-88f6c1bcb0ae,2015-11-28,2015-06-20,2015-10-28,31 days,No,161,7,1747.0,17.47,2.5,78.04,6848.42,Cape Town,Retail
142,1434458806335-d0025108-05ba-4e8d-8c2e-073ad6fcc384,2015-12-20,2015-01-01,2015-11-28,22 days,No,353,7,705.0,7.05,1.01,31.53,2468.94,Cape Town,"Food, Drink & Hospitality"
143,1434460718383-712c026e-1992-4a70-83a8-067c4f88a2ca,2015-06-20,2015-06-20,2015-06-20,0 days,No,0,1,205.0,2.05,2.05,63.99,5525.44,Cape Town,Retail
144,1434520048082-5fc25a12-33ea-42a6-88bc-bc80a2b3e03f,2015-07-03,2015-06-20,2015-06-20,13 days,No,13,2,166.0,1.66,0.83,25.91,1939.74,Cape Town,"Food, Drink & Hospitality"
145,1434543600724-fc3eeb69-59ba-47a7-96a7-4d1de9b8beed,2015-09-30,2015-09-14,2015-09-14,16 days,No,16,1,5.0,0.05,0.05,1.56,-353.11,Johannesburg,Professional services
146,1434543939887-16152053-303b-44c4-a84b-07c5b63a5e26,2015-12-07,2015-07-02,2015-07-04,156 days,No,158,2,265.0,2.65,1.32,41.2,3379.49,Cape Town,Retail
147,1434613515560-84be6d65-9aa9-489e-8ce6-7ec7b2f5be04,2015-12-23,2015-06-20,2015-12-22,1 days,No,186,38,7785.4,77.85,2.05,63.99,5525.44,Cape Town,"Food, Drink & Hospitality"
148,1434620487701-5ced56d2-92a6-4c0d-8214-cd487adde8e1,2015-06-20,2015-06-19,2015-06-19,1 days,No,1,1,145.0,1.45,1.45,45.26,3761.78,Cape Town,"Food, Drink & Hospitality"
149,1434699019562-8c733b2b-bcd2-45a1-b55e-42bb83ccdb99,2015-11-07,2015-06-20,2015-09-30,38 days,No,140,13,4920.0,49.2,3.78,117.99,10610.21,Cape Town,Retail
150,1434704859265-1d87b189-d3f5-4f68-a03a-9d04c277332f,2015-12-24,2015-07-08,2015-12-18,6 days,No,169,5,4302.5,43.02,8.6,268.45,24777.86,Cape Town,"Food, Drink & Hospitality"
151,1434717215933-8dbbef73-b745-40da-a799-082ef4a9d0cb,2015-12-12,2015-07-10,2015-07-19,146 days,No,155,3,15751.0,157.51,52.5,1638.79,153812.19,Cape Town,Retail
152,1434729694021-714fe9df-a366-4d84-b713-9564bd748931,2015-12-30,2015-06-24,2015-12-30,0 days,No,189,327,65100.0,651.0,1.99,62.12,5349.36,Cape Town,"Food, Drink & Hospitality"
153,1434974584174-c212d568-d01d-4fdf-b1e4-8c941d545c5a,2015-11-05,2015-06-25,2015-06-25,133 days,No,133,1,4500.0,45.0,45.0,1404.68,131767.86,42 Witkoppen rd,Online
154,1435054678693-4806f21d-87d1-48ec-bf3c-2123379a64fb,2015-12-27,2015-07-29,2015-12-18,9 days,No,151,32,1495.3,14.95,0.47,14.67,881.36,Cape Town,"Food, Drink & Hospitality"
155,1435058642410-16426163-ac97-4ccb-b395-e506e848222b,2015-06-27,2015-06-26,2015-06-26,1 days,No,1,2,30.0,0.3,0.15,4.68,-59.32,Cape Town,"Food, Drink & Hospitality"
156,1435065034263-d4d30f20-eed3-47dd-9d52-ee3c9b1dda5d,2015-12-30,2015-12-10,2015-12-24,6 days,No,20,40,20963.0,209.63,5.24,163.57,14902.12,Cape Town,Retail
157,1435233323039-b52ca369-844b-4056-88d5-9b21b59652c5,2015-12-03,2015-06-26,2015-11-06,27 days,No,160,4,2493.5,24.94,6.24,194.78,17840.93,Cape Town,Leisure and entertainment
159,1435327760315-67e33d0d-eb08-4877-a952-bf50a49f2c78,2015-12-06,2015-07-01,2015-12-06,0 days,No,158,20,1960.0,19.6,0.98,30.59,2380.42,Cape Town,Retail
160,1435496573395-3b777c08-edb1-43d6-b9f0-5958d4160960,2015-11-27,2015-06-30,2015-11-21,6 days,No,150,4,1390.0,13.9,3.48,108.63,9728.85,Cape Town,Home and repair
161,1435577878589-3a524f38-032f-4491-bfa0-4a5647ccec64,2015-09-02,2015-07-06,2015-09-01,1 days,No,58,104,19998.0,199.98,1.92,59.93,5143.14,Cape Town,"Food, Drink & Hospitality"
162,1435755137988-bea39416-203c-4c8f-8b32-727dcd348716,2015-08-16,2015-08-13,2015-08-13,3 days,No,3,1,2000.0,20.0,20.0,624.3,58285.51,Johannesburg,Retail
163,1435822095605-ae411ede-0c51-4506-a012-e495f71eebd0,2015-07-23,2015-07-06,2015-07-16,7 days,No,17,2,5220.0,52.2,26.1,814.71,76214.94,Cape Town,Retail
164,1435847483862-1c8c9c4c-da48-43a6-81b2-cee8f04f5ecb,2015-12-19,2015-07-04,2015-07-04,168 days,No,168,2,340.0,3.4,1.7,53.07,4497.19,Cape Town,Home and repair
165,1435855530343-b0bb6120-f554-44de-8df9-26686c6da704,2015-09-24,2015-07-09,2015-08-24,31 days,No,77,2,9010.0,90.1,45.05,1406.24,131914.75,Cape Town,Travel and tourism
166,1435911353722-b5764ca6-94ec-4b5f-996a-8b807b0044b1,2015-12-23,2015-07-25,2015-12-10,13 days,No,151,7,10305.96,103.06,14.72,459.48,42765.68,Johannesburg,Home and repair
167,1435913796924-feb4111d-f604-4df4-91ae-4bfd9d118dad,2015-12-26,2015-07-03,2015-12-26,0 days,No,176,6,1216.6,12.17,2.03,63.37,5467.06,Hopefield,"Food, Drink & Hospitality"
168,1435981293834-450dd4c3-9d26-4568-b04c-f0615e2db853,2015-07-20,2015-07-08,2015-07-18,2 days,No,12,6,3861.0,38.61,6.44,201.02,18428.5,7 Weltevreden Street,"Food, Drink & Hospitality"
169,1436123092750-68fb87cc-d43b-4468-9137-2841db30f9c6,2015-12-30,2015-07-09,2015-12-30,0 days,No,174,221,52246.0,522.46,2.36,73.67,6436.93,Cape Town,"Food, Drink & Hospitality"
170,1436133508444-8d874705-6448-4d8d-88e0-5b0f8f4c321c,2015-12-22,2015-08-18,2015-12-19,3 days,No,126,93,23523.08,235.23,2.53,78.97,6935.99,Cape Town,"Food, Drink & Hospitality"
171,1436174426814-1879c870-9834-4b56-8a90-5024383cbe60,2015-09-16,2015-07-16,2015-07-16,62 days,No,62,1,3000.0,30.0,30.0,936.45,87678.26,Cape Town,Home and repair
172,1436257213706-7546a0d1-5b56-478e-80fa-ae77d771830e,2015-11-25,2015-07-09,2015-11-24,1 days,No,139,4,3200.0,32.0,8.0,249.72,23014.2,Johannesburg,"Healthcare, beauty and fitness"
173,1436270327377-f8d449ef-2daa-4cd7-9ca4-084c53ed3b36,2015-12-01,2015-07-08,2015-10-08,54 days,No,146,5,8748.0,87.48,17.5,546.26,50937.08,Cape Town,"Healthcare, beauty and fitness"
174,1436518684230-873fa0ec-1f0c-4bb7-885b-d56623fecaa9,2015-09-03,2015-07-18,2015-07-18,47 days,No,47,1,1.0,0.01,0.01,0.31,-470.81,Stellenbosch,"Food, Drink & Hospitality"
175,1436782697478-4f1e8840-2887-411c-a3b2-2eb7c14010e3,2015-07-26,2015-01-01,2015-01-01,206 days,Yes,206,1,220.0,2.2,2.2,68.67,5966.12,Cape Town,"Food, Drink & Hospitality"
176,1436798187697-82a8c508-1765-4917-b1f1-22676b7d56f7,2015-12-11,2015-07-15,2015-12-11,0 days,No,149,5,4167.0,41.67,8.33,260.02,23984.07,Johannesburg,Leisure and entertainment
177,1436859496503-15e904bd-600e-4e37-aecf-213acc1d1933,2015-12-23,2015-07-20,2015-12-22,1 days,No,156,171,17770.5,177.7,1.04,32.46,2556.51,Cape Town,"Food, Drink & Hospitality"
178,1436871471054-dc917683-3c39-4adc-bb52-6c1107515c8f,2015-12-19,2015-07-27,2015-12-16,3 days,No,145,22,6925.0,69.25,3.15,98.33,8758.98,Brackenfell,"Healthcare, beauty and fitness"
179,1436873941486-04e373aa-61eb-4215-8bb8-4aa335339e5d,2015-11-18,2015-07-16,2015-11-18,0 days,No,125,5,299.84,3.0,0.6,18.73,1263.66,Cape Town,Professional services
180,1436882887795-63ca1223-bbf2-455e-9693-1a2ae62a7376,2015-12-12,2015-07-16,2015-12-09,3 days,No,149,9,631.0699999999999,6.31,0.7,21.85,1557.45,Cape Town,Online
181,1436944694688-c210a40e-c9e1-4c6a-8c51-d412073416ee,2015-12-20,2015-08-01,2015-12-17,3 days,No,141,13,3804.5,38.04,2.93,91.46,8112.08,Pretoria,Retail
182,1436973641249-2829fbf9-597e-4b8e-a114-807cfe531d18,2015-08-05,2015-07-24,2015-07-24,12 days,No,12,2,398.0,3.98,1.99,62.12,5349.36,Cape Town,Retail
183,1437039197014-88ed4a9c-c693-4843-958d-1b133bef6af2,2015-12-25,2015-07-29,2015-12-24,1 days,No,149,16,9976.0,99.76,6.24,194.78,17840.93,Langebaan,"Food, Drink & Hospitality"
184,1437117510726-e85b3f69-3e2a-4567-9ae4-85b4680112bc,2015-11-17,2015-07-17,2015-11-04,13 days,No,123,18,1104.0,11.04,0.61,19.04,1292.85,Cape Town,"Food, Drink & Hospitality"
185,1437142875388-392dc72a-128a-46d3-b28f-1c552c4a6dbf,2015-11-18,2015-07-26,2015-11-18,0 days,No,115,4,1065.0,10.65,2.66,83.03,7318.29,Cape Town,"Food, Drink & Hospitality"
186,1437156080254-14535351-9c27-41ad-8828-0157621b1031,2015-08-06,2015-07-26,2015-07-26,11 days,No,11,1,70.0,0.7,0.7,21.85,1557.45,Cape Town,"Food, Drink & Hospitality"
187,1437402166713-3356d098-bc64-4c49-abba-377e0b2c4057,2015-10-31,2015-07-25,2015-09-23,38 days,No,98,9,3334.0,33.34,3.7,115.5,10375.74,Cape Town,Retail
188,1437467024909-7fc5eb74-4009-4eca-a351-6528d2d2ca80,2015-12-30,2015-07-29,2015-12-27,3 days,No,154,24,2886.0,28.86,1.2,37.46,3027.32,Durban,"Food, Drink & Hospitality"
189,1437481098348-a957f7af-a54a-46e5-b18c-844d0ef8c91a,2015-12-18,2015-07-22,2015-12-17,1 days,No,149,340,21563.0,215.63,0.63,19.67,1352.17,Cape Town,"Food, Drink & Hospitality"
190,1437484270859-12515868-beaa-4c81-a217-553bb46c8695,2015-09-16,2015-08-04,2015-09-15,1 days,No,43,3,2310.0,23.1,7.7,240.36,22132.84,Cape Town,Retail
191,1437485131775-a3a4d999-2be2-4508-a6e0-949a3c2b7c45,2015-11-28,2015-07-26,2015-07-26,125 days,No,125,1,120.0,1.2,1.2,37.46,3027.32,Cape Town,"Food, Drink & Hospitality"
192,1437645396340-0f124fc8-a135-4d76-8739-b4f6cbb366e6,2015-12-06,2015-07-23,2015-12-05,1 days,No,136,12,460.25,4.6,0.38,11.86,616.76,Somerset West,"Food, Drink & Hospitality"
193,1437719148364-958f4882-78ce-479e-906c-91ac85a4b761,2015-09-25,2015-08-01,2015-08-01,55 days,No,55,1,60.0,0.6,0.6,18.73,1263.66,Johannesburg,"Food, Drink & Hospitality"
194,1437723914988-e8338752-5f7b-4e58-8c17-2fb83034a851,2015-12-27,2015-07-30,2015-12-27,0 days,No,150,26,10215.0,102.15,3.93,122.67,11050.89,Bloemfontein,Retail
195,1437736135329-12fb1c40-b400-4633-bef9-13a82d9c1412,2015-12-29,2015-08-27,2015-12-21,8 days,No,124,41,2278.0,22.78,0.56,17.48,1145.96,Cape Town,"Food, Drink & Hospitality"
196,1438061656642-9c7a196f-a509-4739-9f55-2da643b9d778,2015-09-03,2015-09-03,2015-09-03,0 days,No,0,2,350.0,3.5,1.75,54.63,4644.08,Cape Town,"Food, Drink & Hospitality"
197,1438064656962-f22afa1f-57e6-453b-875f-99c85b3c6eab,2015-11-07,2015-08-02,2015-10-06,32 days,No,97,2,340.0,3.4,1.7,53.07,4497.19,Centurion,Retail
198,1438065141962-8b6a526c-b07c-4f38-8f1e-df3082e4eb8d,2015-12-30,2015-12-05,2015-12-29,1 days,No,25,81,5102.5,51.02,0.63,19.67,1352.17,Johannesburg,"Food, Drink & Hospitality"
199,1438074010387-6cff1d1f-1e18-4ab1-9a59-2194bde99a9b,2015-12-14,2015-08-06,2015-12-02,12 days,No,130,3,1440.0,14.4,4.8,149.83,13608.33,Vanderbijlpark,"Food, Drink & Hospitality"
200,1438076829774-81b1b1c4-f535-4d92-8342-ce1fc3a1f8be,2015-08-14,2015-07-31,2015-08-14,0 days,No,14,21,7855.0,78.55,3.74,116.74,10492.5,Cape Town,"Food, Drink & Hospitality"
201,1438083632595-90326d6d-fdfc-4a8a-856f-233e749b91f8,2015-12-22,2015-08-08,2015-09-27,86 days,No,136,5,20913.0,209.13,41.83,1305.72,122449.56,Cape Town,Online
202,1438085632517-50e0fdd0-49cf-4137-86c7-ebd634092ad0,2015-12-16,2015-08-03,2015-12-04,12 days,No,135,13,14131.0,141.31,10.87,339.31,31450.2,Cape Town,"Healthcare, beauty and fitness"
203,1438089547854-f1529357-1835-4c0e-967b-f5fbf9152c8c,2015-12-30,2015-08-11,2015-12-29,1 days,No,141,105,20692.0,206.92,1.97,61.49,5290.04,George,"Food, Drink & Hospitality"
204,1438092471886-3b40fb9d-034f-4448-802f-923eb7b41457,2015-08-30,2015-08-07,2015-08-29,1 days,No,23,2,720.0,7.2,3.6,112.37,10081.01,Cape Town,Home and repair
205,1438096986137-8b9e319a-adfc-4c43-b7d7-93193825fe4c,2015-08-01,2015-08-01,2015-08-01,0 days,No,0,1,40.0,0.4,0.4,12.49,676.09,Johannesburg,"Food, Drink & Hospitality"
206,1438159585500-ee0cee04-42e2-4b60-973d-503584128c79,2015-12-21,2015-12-01,2015-12-17,4 days,No,20,5,10940.0,109.4,21.88,682.98,63810.95,Cape Town,Retail
207,1438168867917-06e40d76-a345-49b2-9a26-5c4b44aaf8c2,2015-08-13,2015-08-04,2015-08-04,9 days,No,9,1,1.0,0.01,0.01,0.31,-470.81,CAPE TOWN,Leisure and entertainment
208,1438181419711-03fbca0c-762b-44e5-9137-f2f9bd55fd5f,2015-12-30,2015-08-05,2015-12-28,2 days,No,147,6,3500.0,35.0,5.83,181.98,16635.65,Cape Town,Home and repair
209,1438186551712-811d3ff2-d30c-4d4d-b69c-7fe63e59e0ed,2015-08-01,2015-08-01,2015-08-01,0 days,No,0,1,250.0,2.5,2.5,78.04,6848.42,Arlington,"Food, Drink & Hospitality"
210,1438247858945-e7732333-e6b8-4b4d-b56c-728dbd320435,2015-12-28,2015-01-01,2015-12-22,6 days,No,361,26,2436.0,24.36,0.94,29.34,2262.72,Cape Town,"Food, Drink & Hospitality"
211,1438356963246-7ddd1957-a034-4626-be79-bb7487883771,2015-12-20,2015-08-04,2015-12-05,15 days,No,138,3,460.0,4.6,1.53,47.76,3997.19,Cape Town,"Healthcare, beauty and fitness"
212,1438624228149-54c997ef-5b98-4700-b3e7-44e14a39a048,2015-11-27,2015-08-15,2015-10-10,48 days,No,104,3,296.0,2.96,0.99,30.9,2409.61,Gordon's Bay,"Food, Drink & Hospitality"
213,1438693602074-62ec11a1-fbfd-4d44-ac75-3b6b4301108c,2015-12-18,2015-08-14,2015-11-28,20 days,No,126,5,9190.9,91.91,18.38,573.73,53523.72,Cape Town,Home and repair
214,1438707915899-1f3b8182-3709-4a70-af58-7ab520676c8f,2015-12-12,2015-08-07,2015-11-01,41 days,No,127,3,515.0,5.15,1.72,53.69,4555.57,Johannesburg,Retail
215,1438870476724-738b8283-72c5-4a07-b822-b480f4352b8a,2015-11-27,2015-08-26,2015-08-26,93 days,No,93,2,1960.0,19.6,9.8,305.91,28305.18,Malelane,Travel and tourism
216,1438888794605-827c663b-1eb3-403f-a3e4-c1b00f5315de,2015-11-10,2015-08-21,2015-11-10,0 days,No,81,12,1861.0,18.61,1.55,48.38,4055.57,Cape Town,"Food, Drink & Hospitality"
217,1439100629097-7f6480a3-f813-424c-9782-13dfcfc8a8ee,2015-09-25,2015-08-16,2015-08-16,40 days,No,40,1,7296.68,72.97,72.97,2277.76,213979.06,Cape Town,Retail
218,1439293617492-b42c6c97-42f0-4c58-9870-a759cb5d68b3,2015-12-18,2015-08-13,2015-12-01,17 days,No,127,11,2619.6,26.2,2.38,74.29,6495.32,Cape Town,"Food, Drink & Hospitality"
219,1439373856236-e1cf9272-f6a6-4a65-a219-574d3fe8b0c0,2015-12-30,2015-01-01,2015-12-27,3 days,No,363,36,7837.0,78.37,2.18,68.05,5907.74,Cape Town,"Food, Drink & Hospitality"
220,1439395992943-30dad8bf-6d97-47f1-a59b-f32be5896add,2015-12-26,2015-12-01,2015-12-25,1 days,No,25,16,22277.5,222.78,13.92,434.51,40414.45,Cape Town,Leisure and entertainment
221,1439402846011-18c7f2a7-fcab-498a-b478-7be40735f4a2,2015-12-29,2015-08-19,2015-12-20,9 days,No,132,8,1600.0,16.0,2.0,62.43,5378.55,Plettenberg Bay,Retail
222,1439414064617-3df96654-3492-4deb-8ed4-9c276c4403b5,2015-12-19,2015-08-13,2015-12-13,6 days,No,128,14,10535.0,105.35,7.52,234.74,21603.65,Kuilsriver,Retail
223,1439553491873-e1dab1a6-6395-403f-a5c1-2a31a029ff92,2015-12-30,2015-08-22,2015-12-30,0 days,No,130,204,110811.25,1108.11,5.43,169.5,15460.51,Hermanus,"Food, Drink & Hospitality"
224,1439628825335-5dc87a82-adc2-4d26-abce-fa124ca7c547,2015-12-23,2015-11-02,2015-12-22,1 days,No,51,4,6651.0,66.51,16.63,519.11,48380.58,Johannesburg,Retail
225,1439661598153-41fc276c-413a-431a-a20f-55e9cb6c22dc,2015-12-03,2015-08-15,2015-11-30,3 days,No,110,8,206.0,2.06,0.26,8.12,264.6,Cape Town,"Food, Drink & Hospitality"
226,1439880637893-c55280e0-fb03-4b4b-8ac0-f54d62473b3f,2015-12-22,2015-01-01,2015-12-22,0 days,No,355,98,4050.0,40.5,0.41,12.8,705.28,Cape Town,"Food, Drink & Hospitality"
227,1439981205866-88823528-9c4c-4471-992b-9ecfd0bee19c,2015-12-17,2015-08-20,2015-12-07,10 days,No,119,22,2046.4,20.46,0.93,29.03,2233.53,Cape Town,"Food, Drink & Hospitality"
228,1439995137936-be877cab-3c6c-4f8e-9b21-12bdfe5de4e2,2015-12-10,2015-08-28,2015-12-08,2 days,No,104,20,657.0,6.57,0.33,10.3,469.87,Rivonia ,"Food, Drink & Hospitality"
229,1440051882363-1378cba4-3b54-4f79-bf18-7045610aadf0,2015-12-30,2015-09-14,2015-12-30,0 days,No,107,272,64756.0,647.56,2.38,74.29,6495.32,Durban,"Food, Drink & Hospitality"
230,1440403106972-19885eca-e128-4ce2-b966-837267447388,2015-12-15,2015-08-26,2015-12-09,6 days,No,111,30,2545.0,25.45,0.85,26.53,1998.13,Cape Town,Professional services
231,1440410340087-fd3ec10a-e8df-4005-82ee-e4358464ee42,2015-12-23,2015-09-17,2015-12-18,5 days,No,97,7,21417.0,214.17,30.6,955.18,89441.92,Cape Town,Retail
232,1440419400214-5fcd4e51-f13a-451f-a6c5-0a74b68fef5a,2015-12-09,2015-09-21,2015-10-07,63 days,No,79,2,240.0,2.4,1.2,37.46,3027.32,Cape Town,Online
233,1440440046485-3ef38fda-c2e6-496e-b7b1-ae0ed01dba8d,2015-10-09,2015-08-27,2015-10-05,4 days,No,43,2,1310.0,13.1,6.55,204.46,18752.42,Cape Town,Professional services
234,1440485430408-1d7c7110-9104-4448-8be6-96f89f593b9e,2015-11-23,2015-08-28,2015-11-14,9 days,No,87,3,394.75,3.95,1.32,41.2,3379.49,Johannesburg,Leisure and entertainment
235,1440501642610-9670200e-7971-4b71-87f1-e6c65249bf39,2015-12-18,2015-08-28,2015-12-18,0 days,No,112,122,13112.880000000001,131.13,1.07,33.4,2645.02,Cape Town,"Food, Drink & Hospitality"
236,1440502835058-1b7a00e0-7836-4357-88ec-f1f4ce9c8738,2015-12-17,2015-09-06,2015-12-17,0 days,No,102,56,3057.0,30.57,0.55,17.17,1116.77,Cape Town,"Food, Drink & Hospitality"
237,1440527243015-6462ce3f-f6c6-4dd6-89f7-b737311b75d8,2015-11-21,2015-09-07,2015-11-14,7 days,No,75,3,551.0,5.51,1.84,57.44,4908.68,Cape Town,Retail
238,1440585361828-67d0d840-c4b6-4115-a498-978e3383d643,2015-09-22,2015-09-01,2015-09-01,21 days,No,21,1,-78.5,-0.78,-0.78,-24.35,-2792.85,Hillcrest,Home and repair
240,1440588829457-71654f83-a737-439f-8f1e-a6f7758cd140,2015-12-22,2015-08-29,2015-12-18,4 days,No,115,49,7058.84,70.59,1.44,44.95,3732.59,Cape Town,"Food, Drink & Hospitality"
241,1440683374795-da2d9211-0012-4fd7-94f2-826e3d290c50,2015-12-17,2015-09-05,2015-12-12,5 days,No,103,9,1258.08,12.58,1.4,43.7,3614.89,Cape Town,"Food, Drink & Hospitality"
242,1440738111178-52d834c0-939a-4832-a762-66703116e8bd,2015-12-22,2015-08-31,2015-12-21,1 days,No,113,18,1307.0,13.07,0.73,22.79,1645.96,Cape Town,"Food, Drink & Hospitality"
243,1440757994360-5e012426-7d6d-46df-baf8-fa9bdc3a7feb,2015-11-28,2015-08-29,2015-08-29,91 days,No,91,3,440.0,4.4,1.47,45.89,3821.11,Johannesburg,"Healthcare, beauty and fitness"
244,1441020449503-2923f2b1-899b-45ed-87ff-8abb87ece3ab,2015-09-27,2015-08-31,2015-09-27,0 days,No,27,18,2390.0,23.9,1.33,41.52,3409.62,Johannesburg,"Food, Drink & Hospitality"
245,1441192085865-a271abcb-2dc5-49c9-bd0d-b17cd2a6c34c,2015-10-11,2015-09-05,2015-10-10,1 days,No,36,7,3730.0,37.3,5.33,166.38,15166.72,Stellenbosch,"Food, Drink & Hospitality"
246,1441273616275-5d8226ee-f199-4eb4-92af-d6c1f44eca1d,2015-11-22,2015-09-07,2015-09-07,76 days,No,76,1,3360.0,33.6,33.6,1048.82,98259.27,Cape Town,Retail
247,1441281561982-7eb3827e-1c92-47e3-9cab-bb483f8fc03c,2015-11-29,2015-10-16,2015-11-29,0 days,No,44,4,460.0,4.6,1.15,35.9,2880.43,Cape Town,"Food, Drink & Hospitality"
248,1441284315178-a91cafa7-38e7-449b-92b7-08b0f0385381,2015-10-28,2015-09-22,2015-10-27,1 days,No,36,4,140.0,1.4,0.35,10.93,529.19,Cape Town,"Food, Drink & Hospitality"
249,1441294773353-5af65884-f9a6-4467-a3d8-2658d911d04e,2015-10-27,2015-09-07,2015-10-11,16 days,No,50,3,1701.0,17.01,5.67,176.99,16165.78,Johannesburg,Retail
250,1441302580374-1f5f13c7-76cf-48a7-829e-773c83c21fa1,2015-12-30,2015-09-10,2015-12-26,4 days,No,111,12,12830.0,128.3,10.69,333.69,30921.01,Stellenbosch,"Food, Drink & Hospitality"
251,1441304751752-6323f14b-0faf-4542-a5ef-6c477968ab28,2015-11-15,2015-09-12,2015-11-15,0 days,No,64,6,41760.0,417.6,69.6,2172.56,204073.19,Johannesburg,Online
252,1441367655940-07a008e7-460e-499c-a044-826dc363e801,2015-12-28,2015-09-12,2015-12-24,4 days,No,107,33,5632.93,56.33,1.71,53.38,4526.38,Cape Town,"Food, Drink & Hospitality"
253,1441466371823-ee89da2a-57c8-4afc-8feb-b706f88783ac,2015-10-10,2015-09-09,2015-10-09,1 days,No,31,3,301.52,3.02,1.01,31.53,2468.94,Cape Town,"Food, Drink & Hospitality"
254,1441626539104-5d6cbb54-54ad-427a-9aed-6f7774c2d1ab,2015-11-19,2015-09-11,2015-09-11,69 days,No,69,2,9515.0,95.15,47.58,1485.21,139350.75,Cape Town,"Healthcare, beauty and fitness"
255,1441642130226-fd0787b2-e9dc-4405-a807-b17d33d36768,2015-09-09,2015-09-09,2015-09-09,0 days,No,0,1,5.0,0.05,0.05,1.56,-353.11,Johannesburg,"Healthcare, beauty and fitness"
256,1441648387599-2612b2ac-3c0c-442c-bef4-393b8785ff78,2015-12-30,2015-09-10,2015-12-29,1 days,No,111,57,3192.0,31.92,0.56,17.48,1145.96,Durban,"Food, Drink & Hospitality"
257,1441713717962-f7e615dd-54f9-4f67-8dee-7dd0b4e22f13,2015-09-16,2015-09-10,2015-09-10,6 days,No,6,1,1080.0,10.8,10.8,337.12,31243.99,Cape Town,Professional services
258,1441713823095-4b0162f3-5e6c-46f1-9860-d1232287c317,2015-12-17,2015-10-15,2015-12-14,3 days,No,63,25,1018.0,10.18,0.41,12.8,705.28,Cape Town,"Food, Drink & Hospitality"
259,1441723038838-90ed4090-8f75-43e0-8862-0c005a5b75a8,2015-09-15,2015-09-09,2015-09-09,6 days,No,6,1,1.0,0.01,0.01,0.31,-470.81,Cape Town,Home and repair
260,1441780389378-94f499f6-baa9-40bf-bfb4-842da422e8ac,2015-10-25,2015-10-14,2015-10-25,0 days,No,11,9,1924.5,19.24,2.14,66.8,5790.04,Sedgefield,"Food, Drink & Hospitality"
261,1441811947231-f2835c9b-a848-40ab-9131-61229298a884,2015-09-22,2015-09-17,2015-09-17,5 days,No,5,1,505.0,5.05,5.05,157.64,14343.74,Kempton Park,Professional services
262,1441874239947-d2d1ccd3-b2ce-4310-87a5-19167a91c3f4,2015-12-28,2015-01-01,2015-12-28,0 days,No,361,26,14617.0,146.17,5.62,175.43,16018.89,Cape Town,"Food, Drink & Hospitality"
263,1441887632624-a85a07f8-f748-4967-87fd-de2e588a6231,2015-11-17,2015-09-11,2015-11-12,5 days,No,67,27,1211.0,12.11,0.45,14.05,822.98,Cape Town,"Food, Drink & Hospitality"
264,1441962068158-ff1f3ada-360f-47bf-a350-5233bad987a9,2015-12-24,2015-09-21,2015-12-24,0 days,No,94,271,50950.5,509.5,1.88,58.68,5025.44,Cape Town,"Food, Drink & Hospitality"
265,1442071849455-14912ca5-e04e-4567-a410-8a3ab4d19908,2015-12-17,2015-01-01,2015-01-01,350 days,Yes,350,1,850.0,8.5,8.5,265.33,24484.08,Cape Town,"Food, Drink & Hospitality"
266,1442218528701-eb6cfcd6-9553-4b0c-bf70-eb24cdbdd224,2015-12-12,2015-09-16,2015-12-06,6 days,No,87,8,1960.0,19.6,2.45,76.48,6701.53,Johannesburg,Retail
267,1442218938461-45ea11f8-11bc-4865-92c5-300dfb8f7569,2015-12-15,2015-09-18,2015-11-17,28 days,No,88,2,2735.0,27.35,13.68,427.02,39709.17,Bronkhorstspruit,"Healthcare, beauty and fitness"
268,1442224473091-abc30f83-6296-4af9-a2cc-d3820f94d673,2015-12-18,2015-10-14,2015-12-17,1 days,No,65,54,20144.0,201.44,3.73,116.43,10463.31,Cape Town,"Food, Drink & Hospitality"
269,1442233924582-7a31c3bf-461a-4ab8-99e7-96ab43f4453f,2015-11-01,2015-09-18,2015-10-31,1 days,No,44,10,4890.0,48.9,4.89,152.64,13872.93,Cape Town,Retail
270,1442242087724-db447275-47eb-49a0-ba9f-b8b510ecf627,2015-09-30,2015-09-16,2015-09-16,14 days,No,14,1,160.0,1.6,1.6,49.94,4202.46,Bellville,Retail
271,1442258665606-4d258111-a29f-4ebb-8ba3-13fdf64d260d,2015-12-28,2015-09-21,2015-12-28,0 days,No,98,16,9893.0,98.93,6.18,192.91,17664.84,George,"Food, Drink & Hospitality"
272,1442410347801-6af9d657-44c2-4f9a-93dd-f43846668720,2015-12-19,2015-09-22,2015-12-18,1 days,No,88,13,7785.0,77.85,5.99,186.98,17106.46,Cape Town,"Healthcare, beauty and fitness"
273,1442410415816-460a165c-5802-49e0-ade2-1f3e381babd2,2015-10-21,2015-09-22,2015-09-22,29 days,No,29,1,450.0,4.5,4.5,140.47,12726.97,Johannesburg,Professional services
274,1442469070953-5b965cfe-ac9c-46dd-9537-e67b3f79fed0,2015-12-30,2015-10-02,2015-12-30,0 days,No,89,46,4918.0,49.18,1.07,33.4,2645.02,Cape Town,"Food, Drink & Hospitality"
275,1442477149306-94150c8e-a62f-4712-bb9a-d5696cbea498,2015-10-31,2015-09-20,2015-10-31,0 days,No,41,8,5750.0,57.5,7.19,224.44,20633.78,Cape Town,Retail
276,1442563881963-a3393331-cf28-48b7-b31d-347b1b000533,2015-12-18,2015-09-22,2015-12-11,7 days,No,87,34,5246.0,52.46,1.54,48.07,4026.38,Cape Town,"Food, Drink & Hospitality"
277,1442571575839-0c25d922-05af-426a-bc1f-05aa2c48fcaf,2015-10-27,2015-10-27,2015-10-27,0 days,No,0,1,2.0,0.02,0.02,0.62,-441.62,Cape Town,Online
278,1442575726431-a066cad9-8f66-45da-abd8-165ce0a70d33,2015-12-30,2015-10-16,2015-12-29,1 days,No,75,68,26632.0,266.32,3.92,122.36,11021.7,Heidelberg Wc,"Food, Drink & Hospitality"
279,1442618911884-1a54c4db-f37e-4279-aabd-214b284bd32e,2015-11-20,2015-10-07,2015-11-19,1 days,No,44,4,170.0,1.7,0.42,13.11,734.47,Johannesburg,"Food, Drink & Hospitality"
280,1442649021557-a53873ac-ab2b-41da-9706-c68dc9ce6eee,2015-10-09,2015-10-09,2015-10-09,0 days,No,0,1,10.0,0.1,0.1,3.12,-206.21,Pretoria,Leisure and entertainment
281,1442814718952-f7add3cc-7dea-468f-ac36-196f631dc767,2015-12-30,2015-09-23,2015-12-29,1 days,No,98,56,9937.0,99.37,1.77,55.25,4702.47,Somerset West,"Food, Drink & Hospitality"
282,1442917261179-65dbd4f5-497a-405d-a41e-c14f9f85dc46,2015-12-24,2015-12-09,2015-12-23,1 days,No,15,11,689.0,6.89,0.63,19.67,1352.17,Stellenbosch,"Food, Drink & Hospitality"
283,1442923083526-17850cd1-90b2-4086-b503-0c49ac3cf6bb,2015-10-04,2015-10-01,2015-10-03,1 days,No,3,5,280.0,2.8,0.56,17.48,1145.96,Cape Town,"Food, Drink & Hospitality"
284,1442931723919-732162e5-a1d7-44fb-8dbf-d473924ac6a3,2015-11-07,2015-10-24,2015-11-01,6 days,No,14,3,1880.0,18.8,6.27,195.72,17929.44,Grabouw,Home and repair
285,1442994514427-48e97bf3-61c8-4a68-8bd2-2a064fcee005,2015-12-02,2015-10-30,2015-11-27,5 days,No,33,4,5195.889999999999,51.96,12.99,405.48,37680.92,Johannesburg,Home and repair
286,1442995087827-3b02b00b-c6d1-4ba0-bbd7-661a9670d778,2015-12-17,2015-09-25,2015-12-17,0 days,No,83,88,12775.0,127.75,1.45,45.26,3761.78,Cape Town,"Food, Drink & Hospitality"
287,1442998231230-06acd472-54ca-4966-bb42-354973e4c9e1,2015-12-02,2015-09-27,2015-11-27,5 days,No,66,4,530.0,5.3,1.32,41.2,3379.49,Builders Way Centre,"Food, Drink & Hospitality"
288,1443039806617-14949b2d-00a3-4c85-83f9-8fbdfedcb11d,2015-09-30,2015-09-28,2015-09-30,0 days,No,2,2,1098.0,10.98,5.49,171.37,15636.59,Marble Hall,Home and repair
289,1443073997436-4d8989b5-56a1-4ab3-89f1-ad7a6ae5ea0d,2015-12-29,2015-12-28,2015-12-29,0 days,No,1,6,880.0,8.8,1.47,45.89,3821.11,Cape Town,Leisure and entertainment
290,1443153863775-93e8b36c-0884-49ba-b5a0-8d3ff2580214,2015-10-31,2015-10-29,2015-10-29,2 days,No,2,2,290.0,2.9,1.45,45.26,3761.78,Middelburg,Online
291,1443173830686-182c32d4-9a13-44ec-9610-8bccec45a8e4,2015-12-30,2015-09-26,2015-12-30,0 days,No,95,128,139815.26,1398.15,10.92,340.87,31597.09,Hermanus,"Food, Drink & Hospitality"
292,1443183332413-197d96af-9442-4eb4-b602-10df4906acb6,2015-12-29,2015-10-07,2015-12-29,0 days,No,83,62,9470.0,94.7,1.53,47.76,3997.19,Cape Town,"Food, Drink & Hospitality"
293,1443424086269-1cff67a1-1d94-4e16-9135-15b007748548,2015-12-29,2015-09-29,2015-12-19,10 days,No,91,106,11323.0,113.23,1.07,33.4,2645.02,Cape Town,"Food, Drink & Hospitality"
294,1443443143895-d23c7c27-416b-41eb-9d6d-2f6b409a22c4,2015-12-29,2015-10-02,2015-12-29,0 days,No,88,182,33255.9,332.56,1.83,57.12,4878.55,Cape Town,"Food, Drink & Hospitality"
295,1443446584467-67d5fccd-8ee6-4861-985e-559d08b4143a,2015-12-28,2015-10-22,2015-12-26,2 days,No,67,11,1967.0,19.67,1.79,55.87,4760.85,Cape Town,"Food, Drink & Hospitality"
296,1443446806147-d258ebef-e4e9-40e9-a05d-55e63de220a3,2015-12-24,2015-10-23,2015-12-22,2 days,No,62,13,3519.0,35.19,2.71,84.59,7465.19,Durban,"Food, Drink & Hospitality"
297,1443447437266-291dcb18-8e5a-4ebe-95ea-18f3bc2a44d2,2015-12-30,2015-10-01,2015-12-12,18 days,No,90,37,3750.0,37.5,1.01,31.53,2468.94,Cape Town,"Food, Drink & Hospitality"
298,1443447633222-fa2fcc0d-8ad4-40da-a648-9b9f73456154,2015-10-11,2015-10-08,2015-10-10,1 days,No,3,8,1570.0,15.7,1.96,61.18,5260.85,Cape Town,"Food, Drink & Hospitality"
299,1443507623766-d7a7dd32-ca88-45ac-8533-bca483b556ca,2015-12-30,2015-10-06,2015-12-30,0 days,No,85,106,58397.8,583.98,5.51,171.99,15694.97,Cape Town,"Food, Drink & Hospitality"
300,1443512333294-7f1fa3ed-04a4-4a9b-9f21-07fed3530120,2015-12-23,2015-10-01,2015-10-01,83 days,No,83,1,650.0,6.5,6.5,202.9,18605.52,Cape Town,"Healthcare, beauty and fitness"
301,1443516418079-c9d757a4-9875-4435-a7de-a137f858cdae,2015-12-02,2015-10-02,2015-11-25,7 days,No,61,5,1110.0,11.1,2.22,69.3,6025.45,Potchefstroom,"Healthcare, beauty and fitness"
302,1443535235043-f31bbecd-84ca-4269-9e2a-79d78db1dcb3,2015-10-04,2015-10-01,2015-10-03,1 days,No,3,3,295.0,2.95,0.98,30.59,2380.42,Cape Town,"Food, Drink & Hospitality"
303,1443597436794-a4001dd2-48f6-4319-a3a7-48f0c1e51b4d,2015-12-15,2015-10-06,2015-11-29,16 days,No,70,4,4840.0,48.4,12.1,377.7,35065.09,Cape Town,Travel and tourism
304,1443600422372-c37bcb17-d34a-40e4-ba16-e05bc2fb2deb,2015-12-17,2015-10-07,2015-12-15,2 days,No,71,2,2995.0,29.95,14.98,467.6,43530.28,Darling,"Healthcare, beauty and fitness"
305,1443605336171-b35fa195-a9f9-470d-9b44-33af230c1eea,2015-12-10,2015-11-03,2015-12-01,9 days,No,37,5,1705.17,17.05,3.41,106.44,9522.63,Pretoria,Retail
306,1443614068863-0ca0719f-93bf-43f4-99e2-04bd57095c77,2015-10-24,2015-10-02,2015-10-02,22 days,No,22,2,90.0,0.9,0.45,14.05,822.98,Johannesburg,Leisure and entertainment
308,1443627125268-710ca2ab-f569-482a-a612-1ede7cb0dbb2,2015-12-20,2015-10-01,2015-12-20,0 days,No,80,12,5732.0,57.32,4.78,149.21,13549.95,Cape Town,Leisure and entertainment
309,1443680438637-d90a58d5-0cea-4ac7-b078-83143761fe03,2015-11-08,2015-10-13,2015-11-07,1 days,No,26,2,1020.0,10.2,5.1,159.2,14490.63,Cape Town,Retail
310,1443768758627-da1fa0b9-b883-4e5b-b1d5-180e50eabf74,2015-12-07,2015-10-02,2015-12-05,2 days,No,66,31,3305.0,33.05,1.07,33.4,2645.02,Johannesburg,"Food, Drink & Hospitality"
311,1443878157642-93a1fcef-9a47-4ee7-9e2c-175f3c9ed11c,2015-10-21,2015-10-12,2015-10-12,9 days,No,9,1,890.0,8.9,8.9,277.81,25659.22,Klerksdorp,"Healthcare, beauty and fitness"
312,1443974059694-234dadef-588d-4d0a-93ce-f3c4e083e1b1,2015-12-16,2015-10-07,2015-10-25,52 days,No,70,3,328.0,3.28,1.09,34.02,2703.4,Cape Town,"Food, Drink & Hospitality"
313,1443980319197-1c9bca03-74e6-4944-bf62-279089ca4730,2015-10-11,2015-10-06,2015-10-10,1 days,No,5,2,320.0,3.2,1.6,49.94,4202.46,Johannesburg,Retail
314,1444020322610-f1ffd2e9-555f-44f7-9603-040ff77cb498,2015-12-01,2015-10-07,2015-10-31,31 days,No,55,2,4350.0,43.5,21.75,678.93,63429.59,Krugersdorp,Leisure and entertainment
315,1444041454126-bc7b1ae1-01d1-47f6-9272-acd6652a3216,2015-10-07,2015-10-07,2015-10-07,0 days,No,0,1,60.0,0.6,0.6,18.73,1263.66,Cape Town,"Food, Drink & Hospitality"
316,1444061736331-98d2ce53-caad-4ca1-a25a-9c880acffcc8,2015-12-06,2015-10-15,2015-12-05,1 days,No,52,7,2810.0,28.1,4.01,125.17,11286.29,Cape Town,Retail
317,1444105051047-fd848e52-2807-4d30-9417-4b91eb5c6275,2015-10-26,2015-10-07,2015-10-20,6 days,No,19,3,10746.0,107.46,35.82,1118.12,104784.72,Cape Town,Online
318,1444119648293-07bbe137-dc46-42bd-974a-4d412a76b74d,2015-12-29,2015-10-09,2015-12-29,0 days,No,81,32,4678.0,46.78,1.46,45.57,3790.97,Cape Town,Retail
319,1444200487389-ba2c5b2b-e946-4af3-8fe5-19cd8b347f16,2015-12-17,2015-10-13,2015-10-13,65 days,No,65,1,430.0,4.3,4.3,134.22,12138.46,Cape Town,"Food, Drink & Hospitality"
320,1444206747604-1abf5d3e-efc3-4361-8c0a-9e8d714239b8,2015-11-28,2015-10-15,2015-10-29,30 days,No,44,3,1757.0,17.57,5.86,182.92,16724.16,Cape Town,"Healthcare, beauty and fitness"
321,1444217285630-48dbbbb2-4f77-4356-80b3-ae45c63ac9f8,2015-12-23,2015-11-26,2015-12-22,1 days,No,27,19,15029.0,150.29,7.91,246.91,22749.61,Cape Town,"Healthcare, beauty and fitness"
322,1444336401938-0b05b521-57f7-4793-a82d-0604734da9e3,2015-10-29,2015-10-27,2015-10-27,2 days,No,2,1,32000.0,320.0,320.0,9988.8,940068.1,Cape Town,Leisure and entertainment
323,1444389907811-c344ebab-61fc-4716-ba6a-c75568ce5825,2015-10-24,2015-10-09,2015-10-24,0 days,No,15,4,1316.0,13.16,3.29,102.7,9170.47,Mooi River,"Food, Drink & Hospitality"
324,1444396413636-8ee4e1ff-7ba5-4f5e-8837-c924f692256c,2015-11-28,2015-10-09,2015-11-28,0 days,No,50,4,2925.0,29.25,7.31,228.18,20985.95,Cape Town,Retail
325,1444457118526-f907c208-2aaa-4327-81a7-7eb94ab89b81,2015-12-27,2015-10-16,2015-12-26,1 days,No,72,39,14255.8,142.56,3.66,114.25,10258.04,Cape Town,"Food, Drink & Hospitality"
326,1444631878220-30320826-2647-470a-aff6-623f12955ffc,2015-12-30,2015-10-13,2015-12-30,0 days,No,78,119,56441.94,564.42,4.74,147.96,13432.25,Cape Town,"Food, Drink & Hospitality"
327,1444640278681-657b87fa-93b2-4314-8da0-79691a84daf0,2015-12-30,2015-10-22,2015-12-30,0 days,No,69,234,25745.0,257.45,1.1,34.34,2733.53,Cape Town,"Food, Drink & Hospitality"
328,1444646591248-0297910e-23d0-403e-9133-1e4b5650615d,2015-11-28,2015-11-23,2015-11-23,5 days,No,5,1,1158.1,11.58,11.58,361.47,33536.84,Johannesburg,Professional services
329,1444647734732-69be6960-8618-4508-9bd7-2dbe84ced5a6,2015-11-29,2015-11-18,2015-11-27,2 days,No,11,4,2695.0,26.95,6.74,210.39,19310.8,Johannesburg,Online
330,1444723351666-f3bd0e37-d9c5-455c-8f1a-185f6003bdc0,2015-12-24,2015-10-20,2015-12-24,0 days,No,65,43,5648.0,56.48,1.31,40.89,3350.3,Cape Town,"Food, Drink & Hospitality"
331,1444800143900-2e147910-5c3c-4312-b4ea-e63fda9ede9b,2015-12-19,2015-12-03,2015-12-03,16 days,No,16,1,420.0,4.2,4.2,131.1,11844.67,Cape Town,Retail
332,1444809450487-88c6e4e6-168d-4802-b8ee-402957f4a9bb,2015-10-30,2015-10-26,2015-10-26,4 days,No,4,1,630.0,6.3,6.3,196.65,18017.01,Durban,"Healthcare, beauty and fitness"
333,1444814739428-c4bf4cf3-1165-49ee-b1bf-3602eab9277b,2015-11-07,2015-10-15,2015-11-07,0 days,No,23,4,1760.0,17.6,4.4,137.35,12433.19,Cape Town,Online
334,1444817679223-4ede4c55-5da3-4aee-9715-652b7ac98f59,2015-11-04,2015-10-19,2015-10-19,16 days,No,16,1,466.5,4.66,4.66,145.46,13196.84,Durban,"Healthcare, beauty and fitness"
335,1444817934704-7275fb46-e0a6-4a24-8f62-9c0bc3ccc6b1,2015-12-17,2015-10-16,2015-12-17,0 days,No,62,17,5850.0,58.5,3.44,107.38,9611.14,Cape Town,Retail
336,1444820117259-9eae8b2c-bf5f-4e11-ace4-f7ea21cb63f5,2015-10-22,2015-10-22,2015-10-22,0 days,No,0,1,10.0,0.1,0.1,3.12,-206.21,Cape Town,Home and repair
337,1444904700118-5bda5995-4fea-41fe-9bb6-942c5081fdf4,2015-11-11,2015-11-04,2015-11-04,7 days,No,7,1,1.11,0.01,0.01,0.31,-470.81,Stellenbosch,Retail
338,1444914521075-e4d72474-3a82-4dbc-9d2a-cc34706928b2,2015-12-04,2015-10-24,2015-10-25,40 days,No,41,2,135.0,1.35,0.68,21.23,1499.07,Durban,"Food, Drink & Hospitality"
339,1444918074997-27d4251f-81f8-4096-9150-fc796035cc94,2015-12-03,2015-10-19,2015-10-19,45 days,No,45,1,895.0,8.95,8.95,279.37,25806.11,Cape Town,Professional services
340,1444931111667-625fe2a9-0ba3-499f-9d44-fa79986b4a51,2015-12-29,2015-10-30,2015-12-28,1 days,No,60,13,7981.0,79.81,6.14,191.66,17547.14,George,Retail
341,1444931774387-989a6926-5693-49e9-be93-a50bcabce914,2015-11-05,2015-11-01,2015-11-01,4 days,No,4,1,399.0,3.99,3.99,124.55,11227.91,Hout Bay,Professional services
342,1444976393870-0a898070-6802-4e0d-9dbd-16b2e03e3dd7,2015-12-24,2015-10-29,2015-12-23,1 days,No,56,69,38544.85,385.45,5.59,174.49,15930.37,Cape Town,Retail
343,1444994994190-b8de9f11-75dd-4f3f-ad79-11beaec96531,2015-10-20,2015-10-20,2015-10-20,0 days,No,0,1,1.0,0.01,0.01,0.31,-470.81,Cape Town,"Healthcare, beauty and fitness"
344,1445065965001-6b85f486-7ae3-47eb-98d2-c8e7d5e6dda1,2015-11-27,2015-10-21,2015-10-29,29 days,No,37,4,5168.4,51.68,12.92,403.3,37475.64,Piet Retief,Home and repair
345,1445090489612-89a33753-99cc-471d-85fc-6e4454403d10,2015-12-07,2015-12-05,2015-12-05,2 days,No,2,1,2000.0,20.0,20.0,624.3,58285.51,Johannesburg,Professional services
346,1445323243016-f5e012fa-18a5-4b9e-94dd-dcb52aa3dc9b,2015-11-28,2015-11-03,2015-11-28,0 days,No,25,5,1875.0,18.75,3.75,117.06,10522.64,Johannesburg,Retail
347,1445332966967-6f8f3c2f-25cc-454c-a807-e48c6a0e0d7a,2015-10-22,2015-10-22,2015-10-22,0 days,No,0,1,249.0,2.49,2.49,77.73,6819.23,Pretoria,Professional services
348,1445340373046-34820a74-c7b4-472b-9033-b0223907bafe,2015-12-05,2015-10-26,2015-10-30,36 days,No,40,3,2310.0,23.1,7.7,240.36,22132.84,Franschhoek,"Food, Drink & Hospitality"
349,1445370571847-3ce9311a-b2b3-4c60-8a87-a9ea0d5597b8,2015-11-20,2015-10-27,2015-10-27,24 days,No,24,2,950.0,9.5,4.75,148.27,13461.44,Johannesburg,"Healthcare, beauty and fitness"
350,1445425096330-b7cdda38-dcdd-4325-ae62-ddc1857e96bf,2015-12-11,2015-11-10,2015-12-09,2 days,No,31,7,253.5,2.54,0.36,11.24,558.38,Pietermaritzburg,"Food, Drink & Hospitality"
351,1445433061976-1345f5da-3bf0-493d-99e0-3dd2af9973f1,2015-12-28,2015-10-28,2015-12-23,5 days,No,61,5,13050.0,130.5,26.1,814.71,76214.94,Simon's Town,Travel and tourism
352,1445433300243-fcba8dc6-cc3e-4967-949b-35afdcdf46d1,2015-11-28,2015-10-25,2015-11-28,0 days,No,34,8,2900.0,29.0,3.62,113.0,10140.34,Cape Town,Retail
353,1445514976036-4f817070-4fcf-440f-834b-6e6e3117d2fc,2015-12-28,2015-11-11,2015-12-23,5 days,No,47,11,650.0,6.5,0.59,18.42,1234.47,Cape Town,"Food, Drink & Hospitality"
354,1445519113350-d6d800f0-3d01-4dea-8957-522a8d1bd42b,2015-11-06,2015-10-26,2015-10-31,6 days,No,11,2,65.0,0.65,0.32,9.99,440.68,Durban,"Food, Drink & Hospitality"
355,1445584864194-5bbc33f0-c634-409c-80fa-3cf86c1f3bb4,2015-10-30,2015-10-30,2015-10-30,0 days,No,0,1,10.0,0.1,0.1,3.12,-206.21,Pietermaritzburg,Professional services
356,1445601852943-eae23a62-f405-4a1c-855e-dd93029c519d,2015-12-05,2015-10-30,2015-11-12,23 days,No,36,4,575.0,5.75,1.44,44.95,3732.59,Cape Town,Retail
357,1445601892140-297f14b9-3036-4998-b2ab-edd484745594,2015-11-27,2015-10-30,2015-11-26,1 days,No,28,2,3779.0,37.79,18.9,589.96,55051.97,Cape Town,Retail
358,1445604677857-50ad84cc-9644-49f9-aa1d-4db1d63a0497,2015-10-31,2015-10-29,2015-10-30,1 days,No,2,2,850.0,8.5,4.25,132.66,11991.57,Cape Town,"Healthcare, beauty and fitness"
359,1445611209651-b5d0dbb7-fc40-4247-8807-908faf17b48a,2015-11-27,2015-10-30,2015-11-24,3 days,No,28,2,3070.0,30.7,15.35,479.15,44617.85,Cape Town,Retail
360,1445669710305-6faed014-c94e-40ed-add9-416cbb0cb6d3,2015-11-17,2015-11-02,2015-11-02,15 days,No,15,1,400.0,4.0,4.0,124.86,11257.1,Cape Town,"Healthcare, beauty and fitness"
361,1445859989485-105adb75-9ed1-4062-8ded-4c4680876409,2015-12-20,2015-12-03,2015-12-19,1 days,No,17,24,61702.5,617.02,25.71,802.54,75068.99,Boksburg,"Food, Drink & Hospitality"
362,1445865256705-087de971-0748-4b0b-a736-0894eadc0a13,2015-12-20,2015-10-29,2015-12-19,1 days,No,52,10,318.0,3.18,0.32,9.99,440.68,Durban,"Food, Drink & Hospitality"
363,1445871056073-b296fb26-3a8c-4d40-a938-b777aa0de2e7,2015-12-30,2015-11-19,2015-12-29,1 days,No,41,13,1389.0,13.89,1.07,33.4,2645.02,Cape Town,Travel and tourism
364,1445888950341-735ab33a-f057-4a35-b5ca-9c0fede6f78a,2015-11-16,2015-10-29,2015-11-12,4 days,No,18,2,775.0,7.75,3.88,121.11,10903.99,Cape Town,"Healthcare, beauty and fitness"
365,1445926901267-eb5a002f-6373-4359-a3de-53af25e92e70,2015-12-27,2015-11-06,2015-11-06,51 days,No,51,1,850.0,8.5,8.5,265.33,24484.08,Hermanus,Travel and tourism
366,1445929689003-2aa3c7f3-c2b3-453e-90f2-36bcc555e30c,2015-12-06,2015-10-29,2015-12-04,2 days,No,38,3,3880.0,38.8,12.93,403.61,37504.83,Parow,Travel and tourism
367,1445930138592-ea8d3ce3-0909-4cb3-a81f-a324d8e03765,2015-11-14,2015-11-10,2015-11-10,4 days,No,4,1,140.0,1.4,1.4,43.7,3614.89,Alberton,Home and repair
368,1445950324166-3658b9b3-d2d2-488c-aca8-153f3a7734d2,2015-11-14,2015-11-14,2015-11-14,0 days,No,0,2,323.5,3.24,1.62,50.57,4261.79,Nelspruit,Home and repair
370,1445953277080-c06c6482-afbc-4b0d-82eb-4de7bce8dc29,2015-12-16,2015-11-24,2015-11-24,22 days,No,22,1,400.0,4.0,4.0,124.86,11257.1,Cape Town,"Healthcare, beauty and fitness"
371,1445953353324-0364173b-db0c-409b-89f5-c95f97142c65,2015-12-30,2015-11-04,2015-12-23,7 days,No,56,7,2500.0,25.0,3.57,111.44,9993.44,Cape Town,"Healthcare, beauty and fitness"
372,1446029165053-f9bf87e8-d408-4735-9a53-30c4cc5c0027,2015-12-30,2015-11-05,2015-12-28,2 days,No,55,17,761.0,7.61,0.45,14.05,822.98,Cape Town,"Food, Drink & Hospitality"
373,1446057971744-32996bce-223e-4dd8-9d0f-6fd3e831f32e,2015-11-21,2015-11-18,2015-11-18,3 days,No,3,1,633.0,6.33,6.33,197.59,18105.52,Devon,Home and repair
374,1446100276851-4d6843de-2dde-462c-9abf-2b82044cabbd,2015-12-27,2015-12-01,2015-12-20,7 days,No,26,2,594.0,5.94,2.97,92.71,8229.78,George,Travel and tourism
375,1446199911133-ffd463a3-9864-42c1-97a1-6d85811ac7bf,2015-11-30,2015-11-03,2015-11-03,27 days,No,27,1,1590.0,15.9,15.9,496.32,46234.62,Cape Town,Retail
376,1446202889001-295b6b25-0abc-4377-865e-ceedea4bee84,2015-12-12,2015-11-04,2015-12-05,7 days,No,38,3,1150.0,11.5,3.83,119.55,10757.1,Durban,Retail
377,1446213494515-8d932251-a491-4290-9626-1009678fdede,2015-11-06,2015-11-05,2015-11-05,1 days,No,1,1,1150.0,11.5,11.5,358.97,33301.43,Cape Town,"Healthcare, beauty and fitness"
378,1446227699114-35ed3f9a-2a23-4786-b547-dc3cbeb53692,2015-11-06,2015-11-04,2015-11-06,0 days,No,2,4,2260.0,22.6,5.65,176.36,16106.46,Pretoria,Home and repair
380,1446449908202-83fc45a7-42d5-4903-ab43-19535bc8124e,2015-11-07,2015-11-04,2015-11-04,3 days,No,3,1,900.0,9.0,9.0,280.94,25953.95,Johannesburg,Retail
381,1446461839082-537bb26d-b226-45f6-aabc-731c5f137549,2015-12-30,2015-12-03,2015-12-29,1 days,No,27,27,25073.25,250.73,9.29,289.99,26806.12,Cape Town,Home and repair
382,1446466486922-66e843da-0491-405e-94cd-d1bfb4661c88,2015-11-06,2015-11-05,2015-11-05,1 days,No,1,1,20.0,0.2,0.2,6.24,87.57,Johannesburg,Home and repair
383,1446472415656-44c35dce-e20d-464a-bc11-7243fddf3b81,2015-12-30,2015-11-09,2015-12-30,0 days,No,51,71,20464.0,204.64,2.88,89.9,7965.19,Cape Town,"Food, Drink & Hospitality"
384,1446488239499-1c9927ec-67a9-42e3-ade3-5a4993982e25,2015-12-03,2015-11-06,2015-11-06,27 days,No,27,1,240.0,2.4,2.4,74.92,6554.64,Johannesburg,Retail
385,1446561553507-34c94357-d8dd-4bd0-aeb8-f1d2a2d1062d,2015-12-17,2015-11-07,2015-11-07,40 days,No,40,2,420.0,4.2,2.1,65.55,5672.34,Cape Town,"Food, Drink & Hospitality"
386,1446617408335-f361c386-c4d2-4fbb-bb37-6500c8a4754b,2015-11-28,2015-11-27,2015-11-28,0 days,No,1,5,450.0,4.5,0.9,28.09,2145.02,Cape Town,Leisure and entertainment
387,1446627300586-7126fa76-4833-4ab1-97da-9aac0ec85909,2015-12-28,2015-01-01,2015-12-23,5 days,No,361,15,1978.0,19.78,1.32,41.2,3379.49,Cape Town,"Food, Drink & Hospitality"
388,1446720162513-27a5f622-458c-40f5-b2a0-7c24f44a3c21,2015-11-29,2015-11-18,2015-11-22,7 days,No,11,4,221.55,2.22,0.56,17.48,1145.96,Scottburgh,Home and repair
389,1446736315653-37656e0d-f5dc-4d69-bef2-6dd1ed5a61ec,2015-11-19,2015-11-19,2015-11-19,0 days,No,0,1,269.0,2.69,2.69,83.97,7406.81,Johannesburg,Online
390,1446739525834-7e983b0b-3a2d-4e47-a4da-31207053c461,2015-12-20,2015-11-13,2015-12-11,9 days,No,37,8,505.0,5.05,0.63,19.67,1352.17,Cape Town,"Food, Drink & Hospitality"
391,1446798131336-b0a91763-990e-4752-ae94-63bcaff40cb8,2015-12-04,2015-11-06,2015-11-28,6 days,No,28,2,1990.0,19.9,9.95,310.59,28745.86,Cape Town,Home and repair
392,1446810663652-56b276a8-6d7c-462f-ac47-e11e2cc62345,2015-12-12,2015-11-09,2015-12-12,0 days,No,33,3,680.0,6.8,2.27,70.86,6172.34,Vanderbijlpark,Online
393,1446985468871-eaaf6fef-3f5b-4c4f-97cd-05a68c3517ca,2015-12-17,2015-01-01,2015-12-12,5 days,No,350,3,580.0,5.8,1.93,60.24,5172.34,Cape Town,"Food, Drink & Hospitality"
394,1447050110715-0fa446b3-26a8-461b-a0d3-d159ed1039f7,2015-12-19,2015-11-25,2015-12-18,1 days,No,24,2,105.0,1.05,0.52,16.23,1028.25,Howick,"Food, Drink & Hospitality"
395,1447055712399-f60367f5-561e-4cb7-bdb4-15ac98e1eb70,2015-12-02,2015-11-15,2015-11-15,17 days,No,17,1,300.0,3.0,3.0,93.65,8318.3,Cape Town,Leisure and entertainment
396,1447074384124-8eea1c4a-5160-4758-8c17-4bd58516e155,2015-11-21,2015-11-13,2015-11-21,0 days,No,8,4,915.0,9.15,2.29,71.48,6230.72,Potchefstroom,"Food, Drink & Hospitality"
397,1447081471978-2452b326-da78-46bf-8d81-f3954bd7afb1,2015-12-28,2015-12-18,2015-12-28,0 days,No,10,9,3073.0,30.73,3.41,106.44,9522.63,Cape Town,"Food, Drink & Hospitality"
398,1447091326675-4c50dd1c-a93e-48a5-82c7-68deca1dadf0,2015-12-27,2015-12-01,2015-12-27,0 days,No,26,49,2690.0,26.9,0.55,17.17,1116.77,Naboomspruit,"Food, Drink & Hospitality"
399,1447140318690-0a6b591f-99e9-4c82-84dd-31a39007e6fe,2015-12-20,2015-11-27,2015-12-20,0 days,No,23,5,1210.0,12.1,2.42,75.54,6613.02,Cape Town,Home and repair
400,1447141860768-a2602973-5f92-4249-81e7-4c6a9ffaf025,2015-12-26,2015-11-14,2015-11-14,42 days,No,42,1,450.0,4.5,4.5,140.47,12726.97,Cape Town,Retail
401,1447176760825-e1228667-1a17-4d8e-84d4-3c49869b59e2,2015-12-18,2015-11-13,2015-11-27,21 days,No,35,4,33056.0,330.56,82.64,2579.61,242401.94,Johannesburg,Retail
402,1447186100369-ee111cbc-d4d4-4b72-9b77-3fb606cdb8ce,2015-11-14,2015-11-14,2015-11-14,0 days,No,0,1,10.0,0.1,0.1,3.12,-206.21,Pretoria,Retail
403,1447186477008-7b498889-6ebc-4bed-8800-65253d59e946,2015-12-20,2015-11-17,2015-12-18,2 days,No,33,7,1417.0,14.17,2.02,63.05,5436.93,Cape Town,Online
404,1447192202398-f8b09255-a0b0-4879-8590-c0267c87868d,2015-12-17,2015-11-13,2015-12-12,5 days,No,34,4,820.0,8.2,2.05,63.99,5525.44,Cape Town,"Healthcare, beauty and fitness"
405,1447224221527-6a36a052-b0f8-4cd6-9da6-3ddf6209e3c3,2015-12-30,2015-11-12,2015-12-30,0 days,No,48,29,6047.0,60.47,2.09,65.24,5643.15,Cape Town,"Food, Drink & Hospitality"
406,1447229701339-9f0ccde5-c90d-439b-9a20-a2f85f54c005,2015-11-28,2015-11-21,2015-11-26,2 days,No,7,3,1022.0,10.22,3.41,106.44,9522.63,Cape Town,Home and repair
407,1447307416434-fcd73063-bae7-4e0c-a4af-2d7f2681e389,2015-11-27,2015-01-01,2015-01-01,330 days,Yes,330,1,1150.0,11.5,11.5,358.97,33301.43,Cape Town,"Food, Drink & Hospitality"
408,1447316621450-a581a345-11e3-493d-a6bc-fe7b7f98a496,2015-12-04,2015-11-17,2015-11-17,17 days,No,17,1,160.0,1.6,1.6,49.94,4202.46,Wellington,Travel and tourism
409,1447324371500-8418997d-1b1a-465f-85fc-78a550b57a7f,2015-12-12,2015-11-25,2015-12-11,1 days,No,17,7,2780.0,27.8,3.97,123.92,11168.59,Cape Town,Retail
410,1447333665252-4a1991aa-0173-460d-9021-c7c597cb0a13,2015-11-29,2015-11-16,2015-11-22,7 days,No,13,4,2007.0,20.07,5.02,156.7,14255.23,Cape Town,"Food, Drink & Hospitality"
411,1447394867034-7ffd322d-7611-45ef-b8f2-e61c758ca310,2015-12-09,2015-11-26,2015-12-07,2 days,No,13,2,420.0,4.2,2.1,65.55,5672.34,Pretoria,Retail
412,1447395828633-fd962e8f-b353-45f5-9b54-fc212e0a615f,2015-12-02,2015-11-23,2015-12-02,0 days,No,9,7,210.0,2.1,0.3,9.36,381.36,Durban,"Food, Drink & Hospitality"
413,1447396516213-1886c917-a640-4d15-8c61-3789928ccd6c,2015-12-24,2015-12-03,2015-12-21,3 days,No,21,8,230.0,2.3,0.29,9.05,352.17,Johannesburg,"Food, Drink & Hospitality"
414,1447397372171-39537b16-cd61-4caa-a274-615dd2aad968,2015-12-24,2015-12-04,2015-12-23,1 days,No,20,25,1002.0,10.02,0.4,12.49,676.09,Blackheath,"Food, Drink & Hospitality"
415,1447397670797-82cd8f82-0b48-4498-8283-768bac779715,2015-12-07,2015-01-01,2015-12-04,3 days,No,340,5,72.0,0.72,0.14,4.37,-88.51,Cape Town,"Food, Drink & Hospitality"
416,1447401174036-feb1d7a6-7617-441e-a56c-6deec52bf2a4,2015-12-30,2015-11-19,2015-12-26,4 days,No,41,6,2606.0,26.06,4.34,135.47,12256.16,Stellenbosch,"Food, Drink & Hospitality"
417,1447415219816-80abef8d-251d-41fc-8dda-70a27f3f8ea6,2015-12-02,2015-11-28,2015-11-28,4 days,No,4,1,50.0,0.5,0.5,15.61,969.87,Pretoria,Leisure and entertainment
418,1447420859800-f2e8fd79-3425-4793-b5e4-a3e2640a5120,2015-12-04,2015-12-02,2015-12-02,2 days,No,2,1,45.0,0.45,0.45,14.05,822.98,Sandton,"Food, Drink & Hospitality"
419,1447421067938-353c4238-f18a-4a42-941e-fbcb15aaefbe,2015-12-03,2015-12-03,2015-12-03,0 days,No,0,1,35.0,0.35,0.35,10.93,529.19,Tongaat,"Food, Drink & Hospitality"
420,1447435967343-4de40b01-83f4-46c5-98f5-d83acd654344,2015-12-26,2015-01-01,2015-12-03,23 days,No,359,3,900.0,9.0,3.0,93.65,8318.3,Cape Town,"Food, Drink & Hospitality"
421,1447491259862-7cc46e0b-508d-4410-83e2-8b259768e7fe,2015-12-10,2015-01-01,2015-12-10,0 days,No,343,3,800.0,8.0,2.67,83.34,7347.48,Cape Town,"Food, Drink & Hospitality"
422,1447519950666-736dc0f9-424a-4660-b9fd-45a366a743d0,2015-11-27,2015-11-23,2015-11-23,4 days,No,4,1,1150.0,11.5,11.5,358.97,33301.43,Johannesburg,Retail
423,1447525188282-caac9488-9646-4d7b-86a1-5afd77cd1567,2015-12-12,2015-11-18,2015-12-05,7 days,No,24,8,1122.24,11.22,1.4,43.7,3614.89,Roodepoort,"Food, Drink & Hospitality"
424,1447606069672-4840e1a4-ad31-49a7-9a15-6b817db8a502,2015-12-26,2015-11-17,2015-12-23,3 days,No,39,5,3200.0,32.0,6.4,199.78,18311.74,Hermanus,Retail
425,1447653307135-90565f1a-f7ac-4a65-b5c3-bc50a042f1ee,2015-12-14,2015-11-27,2015-11-27,17 days,No,17,1,161.0,1.61,1.61,50.26,4232.6,Gordon's Bay,"Food, Drink & Hospitality"
426,1447659678920-65ba65e0-7f35-4f4d-8502-8345b2b97cf2,2015-12-12,2015-11-25,2015-12-12,0 days,No,17,2,1100.0,11.0,5.5,171.68,15665.78,Cape Town,Retail
427,1447667795619-f99c2dd5-7d8e-425e-8b26-675b0be7687c,2015-12-22,2015-11-26,2015-12-19,3 days,No,26,18,7531.0,75.31,4.18,130.48,11786.29,Cape Town,"Food, Drink & Hospitality"
428,1447671150054-17afb918-94e7-440f-bf5d-5cffe96122cd,2015-12-29,2015-12-01,2015-12-28,1 days,No,28,37,20498.0,204.98,5.54,172.93,15783.48,Cape Town,"Food, Drink & Hospitality"
429,1447696515746-86ab0445-1c98-4f7f-be4a-4f5bba39e075,2015-12-30,2015-11-21,2015-12-29,1 days,No,39,39,4757.0,47.57,1.22,38.08,3085.7,Knysna,"Food, Drink & Hospitality"
430,1447697009186-745f5ece-ddbf-4eab-8563-7f01311ebdf3,2015-12-18,2015-11-18,2015-12-18,0 days,No,30,2,145.0,1.45,0.72,22.47,1615.83,Cape Town,"Food, Drink & Hospitality"
431,1447697018839-d867d6b4-5000-4c2a-9bc1-213b6f9ab1d5,2015-11-23,2015-11-20,2015-11-23,0 days,No,3,5,3159.0,31.59,6.32,197.28,18076.33,Grahamstown,Retail
432,1447746067400-b126976b-e446-413c-8597-321cb46b7862,2015-12-19,2015-11-19,2015-11-19,30 days,No,30,1,670.0,6.7,6.7,209.14,19193.1,Cape Town,Retail
433,1447761661738-13c3552f-043d-47c4-99ae-2c5c0ab96684,2015-12-29,2015-01-01,2015-12-29,0 days,No,362,34,6216.3,62.16,1.83,57.12,4878.55,Cape Town,"Food, Drink & Hospitality"
434,1447769232260-89782677-915f-41de-a2bf-56db8196b87e,2015-12-04,2015-11-27,2015-11-27,7 days,No,7,1,500.0,5.0,5.0,156.08,14196.85,Johannesburg,Retail
435,1447836021239-b0620a8c-2e3d-4498-a8ac-ce5214c586a1,2015-12-29,2015-12-03,2015-12-24,5 days,No,26,3,2125.0,21.25,7.08,221.0,20309.86,Langebaan,"Food, Drink & Hospitality"
436,1447845999143-2dc33190-2fd7-4a38-b538-b876799cbfac,2015-12-30,2015-11-23,2015-12-29,1 days,No,37,27,2159.0,21.59,0.8,24.97,1851.23,Cape Town,"Food, Drink & Hospitality"
437,1447927563274-da7673a7-a23b-4f01-95d1-0815e169de8a,2015-12-30,2015-11-26,2015-12-30,0 days,No,34,29,7406.5,74.06,2.55,79.6,6995.32,Plettenberg Bay,"Food, Drink & Hospitality"
438,1447938772541-780d7ea1-8b95-465b-8fdf-ef192c859b73,2015-12-10,2015-11-20,2015-11-20,20 days,No,20,1,3069.24,30.69,30.69,957.99,89706.51,Melkbosstrand,"Healthcare, beauty and fitness"
439,1447955967188-d2b394ea-741b-4b61-9abe-b1c5c2953cda,2015-12-12,2015-11-25,2015-11-25,17 days,No,17,1,850.0,8.5,8.5,265.33,24484.08,Alberton,Home and repair
440,1447997512261-fd4d3919-f862-4c26-b65a-ae2c11a08143,2015-11-23,2015-01-01,2015-01-01,326 days,Yes,326,1,2.5,0.02,0.02,0.62,-441.62,Cape Town,"Food, Drink & Hospitality"
441,1447999285367-3dfb242a-d597-4d5b-9a12-272b8118b45c,2015-12-29,2015-11-25,2015-12-15,14 days,No,34,3,535.0,5.35,1.78,55.56,4731.66,Pietermaritzburg,Personal services
442,1448002116800-210f58ff-db09-4bbb-832b-dcc94369ae75,2015-12-14,2015-11-25,2015-12-08,6 days,No,19,3,1140.0,11.4,3.8,118.62,10669.53,Cape Town,"Healthcare, beauty and fitness"
443,1448010304607-5dce5236-a322-4826-8aa1-3278c780357a,2015-12-22,2015-11-24,2015-12-08,14 days,No,28,2,4570.0,45.7,22.85,713.26,66662.18,Cape Town,"Healthcare, beauty and fitness"
444,1448011089976-16aa9d71-055c-4a75-88ec-41c395e01854,2015-12-10,2015-11-25,2015-11-25,15 days,No,15,1,1500.0,15.0,15.0,468.23,43589.6,Cape Town,"Healthcare, beauty and fitness"
445,1448015232800-4f6790cc-c293-4d01-b4c1-0778548cc3c5,2015-12-20,2015-11-25,2015-11-25,25 days,No,25,1,450.0,4.5,4.5,140.47,12726.97,Johannesburg,Retail
446,1448017539589-632cc9ba-8998-4d35-9ddc-cea234174e25,2015-11-25,2015-11-25,2015-11-25,0 days,No,0,1,780.0,7.8,7.8,243.48,22426.63,Johannesburg,Professional services
447,1448037525841-12763aac-642d-4e9c-9a72-824c55062972,2015-12-23,2015-11-25,2015-12-18,5 days,No,28,3,1360.0,13.6,4.53,141.4,12814.55,Cape Town,"Healthcare, beauty and fitness"
448,1448090259937-36064d33-7928-4650-8bcc-6704983a7415,2015-11-28,2015-11-27,2015-11-27,1 days,No,1,1,60.0,0.6,0.6,18.73,1263.66,Cape Town,"Food, Drink & Hospitality"
449,1448218963383-86fa885f-c722-4beb-86a8-7acb5e757897,2015-11-29,2015-11-25,2015-11-27,2 days,No,4,2,700.0,7.0,3.5,109.25,9787.23,Johannesburg,Personal services
450,1448307984682-a9132048-645e-4f78-bb10-c26fab459162,2015-12-18,2015-11-26,2015-11-30,18 days,No,22,2,5358.0,53.58,26.79,836.25,78243.2,Cape Town,Home and repair
451,1448352746164-5b023087-c530-4c30-8e05-a74629d0f7b3,2015-11-30,2015-11-26,2015-11-26,4 days,No,4,1,50.0,0.5,0.5,15.61,969.87,Cape Town,"Healthcare, beauty and fitness"
452,1448354016112-6a60db5e-edb3-4c21-91b2-51319c2cc25d,2015-12-12,2015-12-01,2015-12-12,0 days,No,11,3,510.0,5.1,1.7,53.07,4497.19,Cape Town,"Healthcare, beauty and fitness"
453,1448355000639-c8ef9f8c-2532-4eae-a46c-4a80252cb19d,2015-12-28,2015-11-25,2015-12-28,0 days,No,33,10,13751.0,137.51,13.75,429.21,39915.39,Cape Town,Retail
454,1448358950218-e1b98ad3-f6fd-48d9-9820-2c7c47df1186,2015-12-30,2015-12-07,2015-12-29,1 days,No,23,9,2715.0,27.15,3.02,94.27,8376.68,Grabouw,"Food, Drink & Hospitality"
455,1448394887974-210ed301-c88c-4215-a3da-962e59c64e90,2015-12-16,2015-11-24,2015-11-27,19 days,No,22,2,1770.0,17.7,8.85,276.25,25512.33,Durban,Retail
456,1448425989998-7d99d6d6-62d8-4052-9426-836cc7597ce8,2015-12-29,2015-11-25,2015-12-29,0 days,No,34,33,4934.0,49.34,1.5,46.82,3908.68,Cape Town,"Food, Drink & Hospitality"
457,1448430223581-6f95e029-974e-4a4e-bb2c-0ae42ba01384,2015-12-27,2015-11-25,2015-12-20,7 days,No,32,7,5793.0,57.93,8.28,258.46,23837.18,Bredasdorp,Travel and tourism
458,1448436563787-2d09f8fe-503d-4153-a929-568c9b01dadc,2015-11-28,2015-11-25,2015-11-25,3 days,No,3,1,30.0,0.3,0.3,9.36,381.36,Blackheath,Leisure and entertainment
459,1448452376799-6726d94f-e79b-466a-9c9a-20983fefcb43,2015-12-06,2015-11-25,2015-11-27,9 days,No,11,3,475.0,4.75,1.58,49.32,4144.08,Cape Town,Retail
460,1448459457734-29ce467e-c62b-4f76-a624-91f7f12afd47,2015-11-28,2015-11-26,2015-11-28,0 days,No,2,2,185.0,1.85,0.92,28.72,2204.34,Cape Town,"Food, Drink & Hospitality"
461,1448470429906-1254c8c8-f684-4b60-afbc-a1a5f9440fca,2015-11-27,2015-11-26,2015-11-26,1 days,No,1,1,40.0,0.4,0.4,12.49,676.09,Cape Town,"Food, Drink & Hospitality"
462,1448483991126-e1e114cc-9a10-4bd5-b0fc-46cf205d1255,2015-12-17,2015-11-26,2015-12-16,1 days,No,21,10,2176.0,21.76,2.18,68.05,5907.74,Cape Town,"Food, Drink & Hospitality"
463,1448526785005-bf805f5e-91da-45bd-a56b-4db9020fbba2,2015-11-28,2015-11-26,2015-11-27,1 days,No,2,2,65.0,0.65,0.32,9.99,440.68,Cape Town,"Food, Drink & Hospitality"
464,1448546661613-27951f72-4e8e-4855-bc2a-6d5a93ff9f69,2015-12-04,2015-11-26,2015-11-26,8 days,No,8,1,550.0,5.5,5.5,171.68,15665.78,Cape Town,"Healthcare, beauty and fitness"
465,1448571291575-faf85e80-cff5-4b9e-8336-e120e744916c,2015-11-29,2015-11-27,2015-11-28,1 days,No,2,4,400.0,4.0,1.0,31.22,2439.75,Cape Town,Retail
466,1448571685276-f77df807-c582-4812-a306-2aa31e37876f,2015-11-29,2015-11-27,2015-11-28,1 days,No,2,6,630.09,6.3,1.05,32.78,2586.64,Cape Town,"Food, Drink & Hospitality"
467,1448602276845-519dfd24-002e-4931-b146-6a77f450caa8,2015-12-06,2015-11-27,2015-11-27,9 days,No,9,1,100.0,1.0,1.0,31.22,2439.75,Cape Town,Retail
468,1448614876805-32258578-b00c-40e1-83d4-5ff3507a3659,2015-12-29,2015-12-03,2015-12-22,7 days,No,26,2,3228.0,32.28,16.14,503.81,46939.89,Thulamahashe,Travel and tourism
469,1448618295356-bdb40f93-1ef4-4e6c-969f-e09347d91d0c,2015-11-28,2015-11-27,2015-11-28,0 days,No,1,2,70.0,0.7,0.35,10.93,529.19,Cape Town,Leisure and entertainment
470,1448623737157-0ebff08a-b6bc-4e88-afe6-544cc95cbe04,2015-11-28,2015-11-27,2015-11-28,0 days,No,1,6,2310.0,23.1,3.85,120.18,10816.42,Cape Town,Leisure and entertainment
471,1448774954803-8d580d28-170f-46b8-87db-39f34940398d,2015-12-01,2015-11-29,2015-11-29,2 days,No,2,1,10.0,0.1,0.1,3.12,-206.21,Stellenbosch,"Food, Drink & Hospitality"
472,1448875613406-fbaa1ec0-7c3a-4aa9-907d-febbd1bb1966,2015-12-02,2015-11-30,2015-11-30,2 days,No,2,1,1200.0,12.0,12.0,374.58,34771.3,Cape Town,"Healthcare, beauty and fitness"
473,1448891544282-772c4000-54b6-4cda-9449-1c74e7974b7e,2015-12-05,2015-12-01,2015-12-05,0 days,No,4,2,810.0,8.1,4.05,126.42,11403.99,Darling,Online
474,1448893114807-72d69711-3e41-4eac-9171-b97ab9a39e74,2015-12-11,2015-11-30,2015-11-30,11 days,No,11,1,31.0,0.31,0.31,9.68,411.49,Umhlali,"Food, Drink & Hospitality"
475,1448895412143-9c0f9335-2a5e-433e-82a6-b2bc1a23acf1,2015-12-23,2015-11-30,2015-12-23,0 days,No,23,7,2051.0,20.51,2.93,91.46,8112.08,Milnerton,Online
476,1448960308598-cf3ba854-c01c-4259-9350-33fde6bf0049,2015-12-18,2015-12-01,2015-12-01,17 days,No,17,1,50.0,0.5,0.5,15.61,969.87,Cape Town,Retail
477,1448961044209-ca00a8ce-1cac-4545-a781-a3ff98cfe19f,2015-12-02,2015-12-01,2015-12-01,1 days,No,1,1,0.0,0.0,0.0,0.0,-500.0,Cape Town,Retail
478,1448966741568-0bd8bb0d-665c-4a23-b9f0-d981f96ea52e,2015-12-29,2015-12-01,2015-12-04,25 days,No,28,2,4410.0,44.1,22.05,688.29,64310.95,Mosselbay,Travel and tourism
479,1449042687702-8a8f20e2-77a3-4d14-960b-5d676d0c53fa,2015-12-10,2015-12-02,2015-12-10,0 days,No,8,3,1320.0,13.2,4.4,137.35,12433.19,Cape Town,Online
480,1449084462951-06638e74-f7d4-42c9-be90-359d7ee55be1,2015-12-29,2015-12-03,2015-12-28,1 days,No,26,20,7479.75,74.8,3.74,116.74,10492.5,Johannesburg,Home and repair
481,1449089982437-0f6c6a86-8ef3-4904-aab2-6197534e53d0,2015-12-15,2015-12-02,2015-12-10,5 days,No,13,2,300.0,3.0,1.5,46.82,3908.68,Johannesburg,Leisure and entertainment
482,1449132779062-5b8dd18e-98ac-49b6-ab2e-7253d6ed6ef0,2015-12-19,2015-12-03,2015-12-14,5 days,No,16,3,4450.0,44.5,14.83,462.92,43089.6,Cape Town,Retail
483,1449147413654-d4825a1e-3ae8-4829-a827-a3723c46e02f,2015-12-27,2015-12-03,2015-12-27,0 days,No,24,7,655.0,6.55,0.94,29.34,2262.72,Stellenbosch,"Food, Drink & Hospitality"
484,1449151630941-488840f8-5bee-4087-a399-6fa6f73a1463,2015-12-19,2015-12-04,2015-12-19,0 days,No,15,18,8701.0,87.01,4.83,150.77,13696.85,johannesburg,Home and repair
485,1449169193330-7329ff68-92cf-453c-886c-6a5e3cfec23e,2015-12-30,2015-12-03,2015-12-28,2 days,No,27,11,12018.25,120.18,10.93,341.18,31626.28,Randburg,Retail
486,1449231730597-b04893d3-752f-49c4-a97e-9207ece6a36b,2015-12-28,2015-12-07,2015-12-19,9 days,No,21,6,389.0,3.89,0.65,20.29,1410.55,Jeffreys Bay,"Food, Drink & Hospitality"
487,1449325681016-1309f451-4803-4d9c-82b5-0371aab39523,2015-12-28,2015-12-05,2015-12-05,23 days,No,23,1,1700.0,17.0,17.0,530.66,49468.15,Cape Town,Home and repair
488,1449598303894-8b0c76c8-1883-4186-abb9-997f83e0fe75,2015-12-10,2015-12-08,2015-12-08,2 days,No,2,1,1.0,0.01,0.01,0.31,-470.81,Cape Town,Retail
489,1449661301039-77f4fba2-1158-4585-8d72-2abbcf00a119,2015-12-26,2015-12-09,2015-12-09,17 days,No,17,1,270.0,2.7,2.7,84.28,7436.0,Stellenbosch,"Food, Drink & Hospitality"
490,1449683003452-d5ae9682-9e24-4db0-b98e-addd58934599,2015-12-30,2015-12-09,2015-12-30,0 days,No,21,11,3077.0,30.77,2.8,87.4,7729.78,Cape Town,"Food, Drink & Hospitality"
491,1449736096886-d1930cfe-8623-419a-942c-9bd0c2376b37,2015-12-16,2015-12-10,2015-12-10,6 days,No,6,1,200.0,2.0,2.0,62.43,5378.55,Johannesburg,Retail
492,1449738820408-c8f22062-f217-485c-b144-96d1c2cba715,2015-12-22,2015-12-10,2015-12-10,12 days,No,12,1,100.0,1.0,1.0,31.22,2439.75,Cape Town,Retail
493,1449745583130-e877fe5d-d339-46d7-ae83-39e98c740930,2015-12-21,2015-12-10,2015-12-10,11 days,No,11,1,1398.0,13.98,13.98,436.39,40591.47,Cape Town,Retail
494,1449745621565-783391ee-ab69-493d-83b3-0283638d448a,2015-12-30,2015-12-10,2015-12-10,20 days,No,20,1,4400.0,44.0,44.0,1373.46,128828.11,Johannesburg,Leisure and entertainment
495,1449854427131-434d83f2-f727-4a6a-bd5f-236341424025,2015-12-20,2015-12-11,2015-12-11,9 days,No,9,1,10.0,0.1,0.1,3.12,-206.21,Cape Town,"Food, Drink & Hospitality"
496,1450079485587-1343f7f6-d934-48c4-bce7-505df86efb55,2015-12-22,2015-12-14,2015-12-14,8 days,No,8,1,14.99,0.15,0.15,4.68,-59.32,Pretoria,Retail
497,1450095033323-84663e9f-3ab2-4cb7-8f29-fe750cac2ec7,2015-12-18,2015-12-17,2015-12-17,1 days,No,1,1,100.0,1.0,1.0,31.22,2439.75,Somerset West,"Food, Drink & Hospitality"
498,1450110024445-71aa73a9-3687-42e1-8acd-d53d0d96bec7,2015-12-21,2015-12-17,2015-12-17,4 days,No,4,1,255.0,2.55,2.55,79.6,6995.32,Cape Town,Online
499,1450293874907-5ef72ff3-3c43-40f3-aca7-234762894042,2015-12-26,2015-12-17,2015-12-23,3 days,No,9,2,4983.0,49.83,24.92,777.88,72746.95,Stanger,Travel and tourism
500,1450509470358-ddc1b23c-b04d-4df0-8e55-d5c5f12b88a0,2015-12-23,2015-12-21,2015-12-21,2 days,No,2,1,100.0,1.0,1.0,31.22,2439.75,Great Brak River : 6525,"Food, Drink & Hospitality"
501,1450685431887-c6acf791-54ed-4b25-ba3c-2494de4c7ac9,2015-12-28,2015-12-21,2015-12-21,7 days,No,7,1,1.0,0.01,0.01,0.31,-470.81,Stellenbosch,Professional services
